date,series_id,category,value,mom_pct_change
2015-01-01,CUSR0000SEFC,Cereals & bakery,325.728,
2015-02-01,CUSR0000SEFC,Cereals & bakery,326.521,0.2434546615581068
2015-03-01,CUSR0000SEFC,Cereals & bakery,324.972,-0.47439521500914905
2015-04-01,CUSR0000SEFC,Cereals & bakery,325.895,0.28402446980047014
2015-05-01,CUSR0000SEFC,Cereals & bakery,324.713,-0.3626935055769387
2015-06-01,CUSR0000SEFC,Cereals & bakery,325.447,0.226045769648886
2015-07-01,CUSR0000SEFC,Cereals & bakery,324.516,-0.2860680848187247
2015-08-01,CUSR0000SEFC,Cereals & bakery,322.202,-0.7130619137423189
2015-09-01,CUSR0000SEFC,Cereals & bakery,321.693,-0.15797543156157445
2015-10-01,CUSR0000SEFC,Cereals & bakery,320.252,-0.44794260366248784
2015-11-01,CUSR0000SEFC,Cereals & bakery,316.47,-1.1809450058079207
2015-12-01,CUSR0000SEFC,Cereals & bakery,311.309,-1.630802287736599
2016-01-01,CUSR0000SEFC,Cereals & bakery,308.935,-0.7625863691701928
2016-02-01,CUSR0000SEFC,Cereals & bakery,308.063,-0.2822600223348015
2016-03-01,CUSR0000SEFC,Cereals & bakery,309.055,0.3220120559755735
2016-04-01,CUSR0000SEFC,Cereals & bakery,306.75,-0.7458219410784506
2016-05-01,CUSR0000SEFC,Cereals & bakery,305.881,-0.283292583537087
2016-06-01,CUSR0000SEFC,Cereals & bakery,302.151,-1.2194284705489888
2016-07-01,CUSR0000SEFC,Cereals & bakery,298.516,-1.2030408636741208
2016-08-01,CUSR0000SEFC,Cereals & bakery,298.958,0.14806576531911642
2016-09-01,CUSR0000SEFC,Cereals & bakery,298.498,-0.15386776737871255
2016-10-01,CUSR0000SEFC,Cereals & bakery,296.83,-0.5587977138875377
2016-11-01,CUSR0000SEFC,Cereals & bakery,296.559,-0.09129804938852182
2016-12-01,CUSR0000SEFC,Cereals & bakery,294.845,-0.5779625639417474
2017-01-01,CUSR0000SEFC,Cereals & bakery,294.679,-0.05630076820025698
2017-02-01,CUSR0000SEFC,Cereals & bakery,295.794,0.37837782807732534
2017-03-01,CUSR0000SEFC,Cereals & bakery,295.12,-0.22786128183802656
2017-04-01,CUSR0000SEFC,Cereals & bakery,294.774,-0.11724044456492555
2017-05-01,CUSR0000SEFC,Cereals & bakery,293.8,-0.3304226288614265
2017-06-01,CUSR0000SEFC,Cereals & bakery,298.839,1.7151123213070107
2017-07-01,CUSR0000SEFC,Cereals & bakery,301.852,1.0082352035711395
2017-08-01,CUSR0000SEFC,Cereals & bakery,301.58,-0.09011038522189763
2017-09-01,CUSR0000SEFC,Cereals & bakery,299.336,-0.7440811724915397
2017-10-01,CUSR0000SEFC,Cereals & bakery,298.849,-0.16269342812091914
2017-11-01,CUSR0000SEFC,Cereals & bakery,300.632,0.5966223745102139
2017-12-01,CUSR0000SEFC,Cereals & bakery,305.23,1.5294446366321601
2018-01-01,CUSR0000SEFC,Cereals & bakery,302.074,-1.033974379975755
2018-02-01,CUSR0000SEFC,Cereals & bakery,301.812,-0.08673371425544918
2018-03-01,CUSR0000SEFC,Cereals & bakery,302.528,0.2372337746676667
2018-04-01,CUSR0000SEFC,Cereals & bakery,305.031,0.8273614343135227
2018-05-01,CUSR0000SEFC,Cereals & bakery,300.17,-1.593608518478451
2018-06-01,CUSR0000SEFC,Cereals & bakery,301.45,0.4264250258186886
2018-07-01,CUSR0000SEFC,Cereals & bakery,303.141,0.5609553823187952
2018-08-01,CUSR0000SEFC,Cereals & bakery,303.746,0.1995770944873687
2018-09-01,CUSR0000SEFC,Cereals & bakery,303.114,-0.2080685836192142
2018-10-01,CUSR0000SEFC,Cereals & bakery,301.958,-0.38137466431770184
2018-11-01,CUSR0000SEFC,Cereals & bakery,302.845,0.2937494618456826
2018-12-01,CUSR0000SEFC,Cereals & bakery,303.113,0.08849411415079445
2019-01-01,CUSR0000SEFC,Cereals & bakery,305.967,0.9415630474443493
2019-02-01,CUSR0000SEFC,Cereals & bakery,306.685,0.23466582997513363
2019-03-01,CUSR0000SEFC,Cereals & bakery,306.42,-0.08640787778990688
2019-04-01,CUSR0000SEFC,Cereals & bakery,305.495,-0.3018732458716866
2019-05-01,CUSR0000SEFC,Cereals & bakery,307.292,0.5882256665411756
2019-06-01,CUSR0000SEFC,Cereals & bakery,304.075,-1.0468869999869734
2019-07-01,CUSR0000SEFC,Cereals & bakery,305.134,0.34826934144538413
2019-08-01,CUSR0000SEFC,Cereals & bakery,304.428,-0.23137375710343688
2019-09-01,CUSR0000SEFC,Cereals & bakery,306.197,0.5810897814918503
2019-10-01,CUSR0000SEFC,Cereals & bakery,308.594,0.7828293549577481
2019-11-01,CUSR0000SEFC,Cereals & bakery,310.854,0.732353837080435
2019-12-01,CUSR0000SEFC,Cereals & bakery,316.987,1.972951932418443
2020-01-01,CUSR0000SEFC,Cereals & bakery,317.273,0.09022452024847194
2020-02-01,CUSR0000SEFC,Cereals & bakery,318.882,0.5071342345550844
2020-03-01,CUSR0000SEFC,Cereals & bakery,318.443,-0.13766847924938652
2020-04-01,CUSR0000SEFC,Cereals & bakery,328.645,3.203713066388647
2020-05-01,CUSR0000SEFC,Cereals & bakery,363.942,10.740160355398686
2020-06-01,CUSR0000SEFC,Cereals & bakery,381.453,4.811480950261293
2020-07-01,CUSR0000SEFC,Cereals & bakery,348.9,-8.533947825813403
2020-08-01,CUSR0000SEFC,Cereals & bakery,333.654,-4.369733447979362
2020-09-01,CUSR0000SEFC,Cereals & bakery,331.09,-0.7684607407673849
2020-10-01,CUSR0000SEFC,Cereals & bakery,331.659,0.1718565948835682
2020-11-01,CUSR0000SEFC,Cereals & bakery,333.856,0.6624273726930419
2020-12-01,CUSR0000SEFC,Cereals & bakery,333.528,-0.09824595034984007
2021-01-01,CUSR0000SEFC,Cereals & bakery,337.142,1.0835671967570848
2021-02-01,CUSR0000SEFC,Cereals & bakery,340.0,0.8477140196119226
2021-03-01,CUSR0000SEFC,Cereals & bakery,341.47,0.4323529411764726
2021-04-01,CUSR0000SEFC,Cereals & bakery,343.072,0.4691480950010263
2021-05-01,CUSR0000SEFC,Cereals & bakery,354.782,3.4132776793209585
2021-06-01,CUSR0000SEFC,Cereals & bakery,371.856,4.8125327666003415
2021-07-01,CUSR0000SEFC,Cereals & bakery,371.744,-0.030119185921417824
2021-08-01,CUSR0000SEFC,Cereals & bakery,374.273,0.6803068778514332
2021-09-01,CUSR0000SEFC,Cereals & bakery,388.557,3.8164655211570198
2021-10-01,CUSR0000SEFC,Cereals & bakery,397.293,2.248318779484082
2021-11-01,CUSR0000SEFC,Cereals & bakery,402.836,1.3951919616001396
2021-12-01,CUSR0000SEFC,Cereals & bakery,395.46,-1.831018081800051
2022-01-01,CUSR0000SEFC,Cereals & bakery,390.96,-1.1379153390987717
2022-02-01,CUSR0000SEFC,Cereals & bakery,394.802,0.9827092285656036
2022-03-01,CUSR0000SEFC,Cereals & bakery,396.707,0.48252035197389187
2022-04-01,CUSR0000SEFC,Cereals & bakery,393.272,-0.8658783434625561
2022-05-01,CUSR0000SEFC,Cereals & bakery,391.694,-0.40124900831993715
2022-06-01,CUSR0000SEFC,Cereals & bakery,387.876,-0.9747404861958686
2022-07-01,CUSR0000SEFC,Cereals & bakery,384.544,-0.859037424331488
2022-08-01,CUSR0000SEFC,Cereals & bakery,383.581,-0.25042647915451965
2022-09-01,CUSR0000SEFC,Cereals & bakery,383.714,0.03467325023918111
2022-10-01,CUSR0000SEFC,Cereals & bakery,382.21,-0.3919585941612791
2022-11-01,CUSR0000SEFC,Cereals & bakery,381.033,-0.3079458936186774
2022-12-01,CUSR0000SEFC,Cereals & bakery,382.823,0.4697755837420825
2023-01-01,CUSR0000SEFC,Cereals & bakery,386.309,0.9106035948728497
2023-02-01,CUSR0000SEFC,Cereals & bakery,389.252,0.7618253781299433
2023-03-01,CUSR0000SEFC,Cereals & bakery,389.482,0.05908768612621351
2023-04-01,CUSR0000SEFC,Cereals & bakery,391.984,0.6423916894747306
2023-05-01,CUSR0000SEFC,Cereals & bakery,396.145,1.0615229193028375
2023-06-01,CUSR0000SEFC,Cereals & bakery,398.9,0.6954524227239967
2023-07-01,CUSR0000SEFC,Cereals & bakery,404.999,1.5289546252193587
2023-08-01,CUSR0000SEFC,Cereals & bakery,407.649,0.6543226032656779
2023-09-01,CUSR0000SEFC,Cereals & bakery,409.949,0.5642108774950971
2023-10-01,CUSR0000SEFC,Cereals & bakery,416.164,1.5160422394004947
2023-11-01,CUSR0000SEFC,Cereals & bakery,413.612,-0.6132197883526591
2023-12-01,CUSR0000SEFC,Cereals & bakery,415.87,0.5459222653114493
2024-01-01,CUSR0000SEFC,Cereals & bakery,416.159,0.06949287036814855
2024-02-01,CUSR0000SEFC,Cereals & bakery,417.692,0.36836882057098563
2024-03-01,CUSR0000SEFC,Cereals & bakery,419.083,0.3330205031458533
2024-04-01,CUSR0000SEFC,Cereals & bakery,419.874,0.1887454275167455
2024-05-01,CUSR0000SEFC,Cereals & bakery,418.993,-0.20982485221757718
2024-06-01,CUSR0000SEFC,Cereals & bakery,419.8,0.19260464971968538
2024-07-01,CUSR0000SEFC,Cereals & bakery,423.325,0.8396855645545376
2024-08-01,CUSR0000SEFC,Cereals & bakery,424.636,0.30969113565229023
2024-09-01,CUSR0000SEFC,Cereals & bakery,426.9,0.5331625203703672
2024-10-01,CUSR0000SEFC,Cereals & bakery,424.183,-0.6364488170531701
2024-11-01,CUSR0000SEFC,Cereals & bakery,434.015,2.3178675241582125
2024-12-01,CUSR0000SEFC,Cereals & bakery,435.739,0.39722129419490493
2015-01-01,CUSR0000SEFP,Dairy,121.206,
2015-02-01,CUSR0000SEFP,Dairy,121.375,0.13943204131807718
2015-03-01,CUSR0000SEFP,Dairy,121.028,-0.2858908341915489
2015-04-01,CUSR0000SEFP,Dairy,121.208,0.14872591466437157
2015-05-01,CUSR0000SEFP,Dairy,119.916,-1.0659362418322216
2015-06-01,CUSR0000SEFP,Dairy,120.276,0.300210147102975
2015-07-01,CUSR0000SEFP,Dairy,120.723,0.37164521600319134
2015-08-01,CUSR0000SEFP,Dairy,120.583,-0.11596795970941765
2015-09-01,CUSR0000SEFP,Dairy,119.73,-0.7073965650216008
2015-10-01,CUSR0000SEFP,Dairy,119.608,-0.10189593251482831
2015-11-01,CUSR0000SEFP,Dairy,119.123,-0.4054912714868575
2015-12-01,CUSR0000SEFP,Dairy,119.636,0.43064731412068014
2016-01-01,CUSR0000SEFP,Dairy,119.68,0.0367782272894468
2016-02-01,CUSR0000SEFP,Dairy,119.392,-0.2406417112299608
2016-03-01,CUSR0000SEFP,Dairy,118.543,-0.7111029214687647
2016-04-01,CUSR0000SEFP,Dairy,118.722,0.15100005905028802
2016-05-01,CUSR0000SEFP,Dairy,118.646,-0.06401509408533457
2016-06-01,CUSR0000SEFP,Dairy,118.003,-0.5419483168417005
2016-07-01,CUSR0000SEFP,Dairy,117.913,-0.07626924739201346
2016-08-01,CUSR0000SEFP,Dairy,117.824,-0.07547937886407396
2016-09-01,CUSR0000SEFP,Dairy,118.107,0.24018875611080404
2016-10-01,CUSR0000SEFP,Dairy,117.556,-0.46652611614891315
2016-11-01,CUSR0000SEFP,Dairy,118.24,0.5818503521725749
2016-12-01,CUSR0000SEFP,Dairy,117.513,-0.6148511502029663
2017-01-01,CUSR0000SEFP,Dairy,117.654,0.11998672487298911
2017-02-01,CUSR0000SEFP,Dairy,119.191,1.3063729239974897
2017-03-01,CUSR0000SEFP,Dairy,118.564,-0.5260464296801048
2017-04-01,CUSR0000SEFP,Dairy,118.761,0.16615498802334816
2017-05-01,CUSR0000SEFP,Dairy,119.068,0.2585023703067568
2017-06-01,CUSR0000SEFP,Dairy,118.641,-0.3586186044949091
2017-07-01,CUSR0000SEFP,Dairy,118.451,-0.16014699808667432
2017-08-01,CUSR0000SEFP,Dairy,116.643,-1.5263695536550936
2017-09-01,CUSR0000SEFP,Dairy,117.734,0.9353325960409054
2017-10-01,CUSR0000SEFP,Dairy,118.475,0.6293848845702943
2017-11-01,CUSR0000SEFP,Dairy,117.288,-1.0018991348385686
2017-12-01,CUSR0000SEFP,Dairy,118.951,1.417877361707931
2018-01-01,CUSR0000SEFP,Dairy,117.171,-1.4964144900000753
2018-02-01,CUSR0000SEFP,Dairy,116.733,-0.37381263281870414
2018-03-01,CUSR0000SEFP,Dairy,117.221,0.41804802412341857
2018-04-01,CUSR0000SEFP,Dairy,116.37,-0.72597913343172
2018-05-01,CUSR0000SEFP,Dairy,116.293,-0.06616825642347113
2018-06-01,CUSR0000SEFP,Dairy,115.998,-0.25366961038068014
2018-07-01,CUSR0000SEFP,Dairy,116.593,0.512939878273766
2018-08-01,CUSR0000SEFP,Dairy,116.471,-0.10463749967837277
2018-09-01,CUSR0000SEFP,Dairy,116.664,0.16570648487606032
2018-10-01,CUSR0000SEFP,Dairy,116.981,0.27172049646848606
2018-11-01,CUSR0000SEFP,Dairy,116.667,-0.2684196578931597
2018-12-01,CUSR0000SEFP,Dairy,117.249,0.49885571755508007
2019-01-01,CUSR0000SEFP,Dairy,116.689,-0.4776160137826335
2019-02-01,CUSR0000SEFP,Dairy,116.592,-0.0831269442706617
2019-03-01,CUSR0000SEFP,Dairy,116.211,-0.3267805681350322
2019-04-01,CUSR0000SEFP,Dairy,116.337,0.10842347109998318
2019-05-01,CUSR0000SEFP,Dairy,116.315,-0.01891057874967572
2019-06-01,CUSR0000SEFP,Dairy,116.777,0.3971972660447909
2019-07-01,CUSR0000SEFP,Dairy,116.73,-0.040247651506719606
2019-08-01,CUSR0000SEFP,Dairy,116.547,-0.1567720380365012
2019-09-01,CUSR0000SEFP,Dairy,116.607,0.051481376612017016
2019-10-01,CUSR0000SEFP,Dairy,116.17,-0.37476309312476364
2019-11-01,CUSR0000SEFP,Dairy,117.769,1.3764310923646494
2019-12-01,CUSR0000SEFP,Dairy,116.015,-1.4893562822134943
2020-01-01,CUSR0000SEFP,Dairy,115.879,-0.11722622074731293
2020-02-01,CUSR0000SEFP,Dairy,116.678,0.6895123361437383
2020-03-01,CUSR0000SEFP,Dairy,117.494,0.6993606335384595
2020-04-01,CUSR0000SEFP,Dairy,118.663,0.9949444226939219
2020-05-01,CUSR0000SEFP,Dairy,117.924,-0.6227720519454194
2020-06-01,CUSR0000SEFP,Dairy,118.403,0.4061938197483128
2020-07-01,CUSR0000SEFP,Dairy,117.604,-0.6748139827538191
2020-08-01,CUSR0000SEFP,Dairy,118.086,0.40985000510187497
2020-09-01,CUSR0000SEFP,Dairy,117.829,-0.21763799264943318
2020-10-01,CUSR0000SEFP,Dairy,118.186,0.3029814392042862
2020-11-01,CUSR0000SEFP,Dairy,117.496,-0.5838254954055544
2020-12-01,CUSR0000SEFP,Dairy,118.903,1.1974875740450752
2021-01-01,CUSR0000SEFP,Dairy,118.969,0.05550743042648243
2021-02-01,CUSR0000SEFP,Dairy,118.483,-0.40850977985861237
2021-03-01,CUSR0000SEFP,Dairy,118.596,0.09537233189571559
2021-04-01,CUSR0000SEFP,Dairy,118.65,0.04553273297582816
2021-05-01,CUSR0000SEFP,Dairy,118.803,0.1289506953223718
2021-06-01,CUSR0000SEFP,Dairy,119.686,0.7432472243966926
2021-07-01,CUSR0000SEFP,Dairy,119.387,-0.24982036328393686
2021-08-01,CUSR0000SEFP,Dairy,120.859,1.2329650631978328
2021-09-01,CUSR0000SEFP,Dairy,121.881,0.845613483480756
2021-10-01,CUSR0000SEFP,Dairy,123.549,1.368548009944126
2021-11-01,CUSR0000SEFP,Dairy,123.552,0.00242818638758191
2021-12-01,CUSR0000SEFP,Dairy,123.615,0.05099067599065865
2022-01-01,CUSR0000SEFP,Dairy,125.871,1.8250212352869832
2022-02-01,CUSR0000SEFP,Dairy,127.83,1.5563553161570098
2022-03-01,CUSR0000SEFP,Dairy,129.082,0.9794257998904765
2022-04-01,CUSR0000SEFP,Dairy,131.842,2.1381757332548545
2022-05-01,CUSR0000SEFP,Dairy,133.566,1.307625794511602
2022-06-01,CUSR0000SEFP,Dairy,134.525,0.7179970950691006
2022-07-01,CUSR0000SEFP,Dairy,138.286,2.795762869355145
2022-08-01,CUSR0000SEFP,Dairy,137.979,-0.22200367354612283
2022-09-01,CUSR0000SEFP,Dairy,138.29,0.22539661832596813
2022-10-01,CUSR0000SEFP,Dairy,139.428,0.822908380938614
2022-11-01,CUSR0000SEFP,Dairy,140.354,0.6641420661560149
2022-12-01,CUSR0000SEFP,Dairy,140.75,0.282143722302175
2023-01-01,CUSR0000SEFP,Dairy,141.598,0.6024866785079963
2023-02-01,CUSR0000SEFP,Dairy,142.162,0.39831071060325574
2023-03-01,CUSR0000SEFP,Dairy,142.429,0.1878139024493075
2023-04-01,CUSR0000SEFP,Dairy,141.41,-0.7154441862261218
2023-05-01,CUSR0000SEFP,Dairy,141.539,0.09122410013435722
2023-06-01,CUSR0000SEFP,Dairy,141.696,0.11092349105195076
2023-07-01,CUSR0000SEFP,Dairy,141.965,0.18984304426377108
2023-08-01,CUSR0000SEFP,Dairy,141.617,-0.24513084210897595
2023-09-01,CUSR0000SEFP,Dairy,142.582,0.6814153667991762
2023-10-01,CUSR0000SEFP,Dairy,141.931,-0.4565793718702138
2023-11-01,CUSR0000SEFP,Dairy,141.899,-0.022546166799364276
2023-12-01,CUSR0000SEFP,Dairy,141.148,-0.5292496775875843
2024-01-01,CUSR0000SEFP,Dairy,141.75,0.4265026780400749
2024-02-01,CUSR0000SEFP,Dairy,141.657,-0.06560846560845768
2024-03-01,CUSR0000SEFP,Dairy,141.376,-0.1983664767713611
2024-04-01,CUSR0000SEFP,Dairy,141.312,-0.045269352648247274
2024-05-01,CUSR0000SEFP,Dairy,141.41,0.06935009057968955
2024-06-01,CUSR0000SEFP,Dairy,141.767,0.2524573933951002
2024-07-01,CUSR0000SEFP,Dairy,142.387,0.4373373210972975
2024-08-01,CUSR0000SEFP,Dairy,141.897,-0.3441325401897677
2024-09-01,CUSR0000SEFP,Dairy,142.855,0.6751375998083065
2024-10-01,CUSR0000SEFP,Dairy,143.44,0.409506142592142
2024-11-01,CUSR0000SEFP,Dairy,144.909,1.0241215839375206
2024-12-01,CUSR0000SEFP,Dairy,146.032,0.7749691185502838
2015-01-01,CUSR0000SAF1,Food (all),246.197,
2015-02-01,CUSR0000SAF1,Food (all),246.495,0.12104127995060665
2015-03-01,CUSR0000SAF1,Food (all),246.072,-0.17160591492728638
2015-04-01,CUSR0000SAF1,Food (all),246.002,-0.028446958613737028
2015-05-01,CUSR0000SAF1,Food (all),246.239,0.09634068015706987
2015-06-01,CUSR0000SAF1,Food (all),246.937,0.2834644390206309
2015-07-01,CUSR0000SAF1,Food (all),247.157,0.08909154966652011
2015-08-01,CUSR0000SAF1,Food (all),247.742,0.23669165752941979
2015-09-01,CUSR0000SAF1,Food (all),248.492,0.3027342961629431
2015-10-01,CUSR0000SAF1,Food (all),248.755,0.1058384173333593
2015-11-01,CUSR0000SAF1,Food (all),248.525,-0.09246045305622008
2015-12-01,CUSR0000SAF1,Food (all),248.206,-0.12835730811789903
2016-01-01,CUSR0000SAF1,Food (all),248.353,0.05922499858987962
2016-02-01,CUSR0000SAF1,Food (all),248.606,0.10187112698456513
2016-03-01,CUSR0000SAF1,Food (all),248.029,-0.23209415701953562
2016-04-01,CUSR0000SAF1,Food (all),248.235,0.08305480407533317
2016-05-01,CUSR0000SAF1,Food (all),247.856,-0.15267790601648512
2016-06-01,CUSR0000SAF1,Food (all),247.683,-0.06979859273126277
2016-07-01,CUSR0000SAF1,Food (all),247.658,-0.01009354699353926
2016-08-01,CUSR0000SAF1,Food (all),247.746,0.03553287194437704
2016-09-01,CUSR0000SAF1,Food (all),247.772,0.010494619489298529
2016-10-01,CUSR0000SAF1,Food (all),247.812,0.016143874206941966
2016-11-01,CUSR0000SAF1,Food (all),247.741,-0.028650751376047
2016-12-01,CUSR0000SAF1,Food (all),247.725,-0.00645835772037362
2017-01-01,CUSR0000SAF1,Food (all),248.065,0.13724896558684474
2017-02-01,CUSR0000SAF1,Food (all),248.735,0.2700905004736631
2017-03-01,CUSR0000SAF1,Food (all),249.244,0.20463545540434502
2017-04-01,CUSR0000SAF1,Food (all),249.589,0.13841857777920907
2017-05-01,CUSR0000SAF1,Food (all),249.972,0.1534522755409995
2017-06-01,CUSR0000SAF1,Food (all),249.77,-0.08080905061367272
2017-07-01,CUSR0000SAF1,Food (all),250.185,0.16615286063177415
2017-08-01,CUSR0000SAF1,Food (all),250.469,0.11351599816136204
2017-09-01,CUSR0000SAF1,Food (all),250.826,0.1425326088258405
2017-10-01,CUSR0000SAF1,Food (all),251.048,0.08850757098546325
2017-11-01,CUSR0000SAF1,Food (all),251.195,0.05855453937095856
2017-12-01,CUSR0000SAF1,Food (all),251.716,0.2074085869543607
2018-01-01,CUSR0000SAF1,Food (all),252.377,0.26259753055031254
2018-02-01,CUSR0000SAF1,Food (all),252.264,-0.04477428608787859
2018-03-01,CUSR0000SAF1,Food (all),252.365,0.04003742111438058
2018-04-01,CUSR0000SAF1,Food (all),252.867,0.1989182335109696
2018-05-01,CUSR0000SAF1,Food (all),252.864,-0.0011863944286871764
2018-06-01,CUSR0000SAF1,Food (all),253.167,0.11982725892178969
2018-07-01,CUSR0000SAF1,Food (all),253.598,0.17024335715161154
2018-08-01,CUSR0000SAF1,Food (all),253.949,0.1384080316090719
2018-09-01,CUSR0000SAF1,Food (all),254.302,0.1390042882625897
2018-10-01,CUSR0000SAF1,Food (all),254.17,-0.05190678799222859
2018-11-01,CUSR0000SAF1,Food (all),254.887,0.28209466105362235
2018-12-01,CUSR0000SAF1,Food (all),255.877,0.3884074119119507
2019-01-01,CUSR0000SAF1,Food (all),256.533,0.2563731793009838
2019-02-01,CUSR0000SAF1,Food (all),257.253,0.28066564535556005
2019-03-01,CUSR0000SAF1,Food (all),257.681,0.16637318126513367
2019-04-01,CUSR0000SAF1,Food (all),257.325,-0.13815531606908849
2019-05-01,CUSR0000SAF1,Food (all),257.818,0.19158651510735591
2019-06-01,CUSR0000SAF1,Food (all),257.952,0.051974648783259525
2019-07-01,CUSR0000SAF1,Food (all),258.059,0.04148058553530287
2019-08-01,CUSR0000SAF1,Food (all),258.288,0.08873939680460463
2019-09-01,CUSR0000SAF1,Food (all),258.865,0.2233940407607049
2019-10-01,CUSR0000SAF1,Food (all),259.434,0.21980569022463925
2019-11-01,CUSR0000SAF1,Food (all),260.048,0.23666905648449532
2019-12-01,CUSR0000SAF1,Food (all),260.483,0.16727681043500198
2020-01-01,CUSR0000SAF1,Food (all),261.293,0.31096079206704985
2020-02-01,CUSR0000SAF1,Food (all),261.962,0.25603441347452627
2020-03-01,CUSR0000SAF1,Food (all),262.622,0.2519449385788963
2020-04-01,CUSR0000SAF1,Food (all),266.37,1.42714624060436
2020-05-01,CUSR0000SAF1,Food (all),268.086,0.6442166910688218
2020-06-01,CUSR0000SAF1,Food (all),269.553,0.5472124616727303
2020-07-01,CUSR0000SAF1,Food (all),268.532,-0.378775231587114
2020-08-01,CUSR0000SAF1,Food (all),268.957,0.15826791592807865
2020-09-01,CUSR0000SAF1,Food (all),269.043,0.03197537152779262
2020-10-01,CUSR0000SAF1,Food (all),269.653,0.22672955624194469
2020-11-01,CUSR0000SAF1,Food (all),269.636,-0.0063043986159971865
2020-12-01,CUSR0000SAF1,Food (all),270.781,0.42464656054828076
2021-01-01,CUSR0000SAF1,Food (all),271.223,0.16323154135631235
2021-02-01,CUSR0000SAF1,Food (all),271.498,0.10139258101267146
2021-03-01,CUSR0000SAF1,Food (all),271.756,0.09502832433387898
2021-04-01,CUSR0000SAF1,Food (all),272.761,0.3698170417580693
2021-05-01,CUSR0000SAF1,Food (all),273.89,0.4139154791190647
2021-06-01,CUSR0000SAF1,Food (all),276.002,0.7711124904158595
2021-07-01,CUSR0000SAF1,Food (all),277.759,0.6365895899305141
2021-08-01,CUSR0000SAF1,Food (all),278.985,0.44138983795305453
2021-09-01,CUSR0000SAF1,Food (all),281.299,0.829435274297885
2021-10-01,CUSR0000SAF1,Food (all),283.972,0.9502344480428304
2021-11-01,CUSR0000SAF1,Food (all),286.057,0.734227318186309
2021-12-01,CUSR0000SAF1,Food (all),287.798,0.6086199603575482
2022-01-01,CUSR0000SAF1,Food (all),290.144,0.8151550740449931
2022-02-01,CUSR0000SAF1,Food (all),292.978,0.9767563692511416
2022-03-01,CUSR0000SAF1,Food (all),295.713,0.9335171924171881
2022-04-01,CUSR0000SAF1,Food (all),298.363,0.8961391619576986
2022-05-01,CUSR0000SAF1,Food (all),301.684,1.1130736720035728
2022-06-01,CUSR0000SAF1,Food (all),304.845,1.0477850996406746
2022-07-01,CUSR0000SAF1,Food (all),308.083,1.0621791402187997
2022-08-01,CUSR0000SAF1,Food (all),310.739,0.8621053417423141
2022-09-01,CUSR0000SAF1,Food (all),312.835,0.6745210610834107
2022-10-01,CUSR0000SAF1,Food (all),315.023,0.6994102322310569
2022-11-01,CUSR0000SAF1,Food (all),316.5,0.46885465505692725
2022-12-01,CUSR0000SAF1,Food (all),317.798,0.41011058451816407
2023-01-01,CUSR0000SAF1,Food (all),319.421,0.510701766530941
2023-02-01,CUSR0000SAF1,Food (all),320.651,0.3850717391780778
2023-03-01,CUSR0000SAF1,Food (all),320.797,0.04553237008462219
2023-04-01,CUSR0000SAF1,Food (all),321.209,0.12843012871066595
2023-05-01,CUSR0000SAF1,Food (all),321.933,0.22539841660724758
2023-06-01,CUSR0000SAF1,Food (all),322.406,0.14692498128492382
2023-07-01,CUSR0000SAF1,Food (all),323.046,0.19850747194529728
2023-08-01,CUSR0000SAF1,Food (all),323.957,0.28200318220934495
2023-09-01,CUSR0000SAF1,Food (all),324.332,0.11575610343348419
2023-10-01,CUSR0000SAF1,Food (all),325.424,0.3366920316219213
2023-11-01,CUSR0000SAF1,Food (all),325.808,0.11799990166674323
2023-12-01,CUSR0000SAF1,Food (all),326.442,0.19459313460687966
2024-01-01,CUSR0000SAF1,Food (all),327.575,0.34707543759686654
2024-02-01,CUSR0000SAF1,Food (all),327.803,0.0696023811340929
2024-03-01,CUSR0000SAF1,Food (all),328.004,0.06131731558283171
2024-04-01,CUSR0000SAF1,Food (all),328.413,0.12469360129754303
2024-05-01,CUSR0000SAF1,Food (all),328.864,0.13732708510318936
2024-06-01,CUSR0000SAF1,Food (all),329.651,0.23930865038437332
2024-07-01,CUSR0000SAF1,Food (all),330.142,0.14894539983194566
2024-08-01,CUSR0000SAF1,Food (all),330.644,0.1520557820574142
2024-09-01,CUSR0000SAF1,Food (all),331.716,0.32421577285539627
2024-10-01,CUSR0000SAF1,Food (all),332.418,0.21162681329811583
2024-11-01,CUSR0000SAF1,Food (all),333.492,0.3230871974441829
2024-12-01,CUSR0000SAF1,Food (all),334.456,0.28906240629460456
2015-01-01,CUSR0000SEFR,Fruits & vegetables,214.024,
2015-02-01,CUSR0000SEFR,Fruits & vegetables,216.65,1.226965200164476
2015-03-01,CUSR0000SEFR,Fruits & vegetables,216.216,-0.2003231017770557
2015-04-01,CUSR0000SEFR,Fruits & vegetables,214.157,-0.9522884522884523
2015-05-01,CUSR0000SEFR,Fruits & vegetables,216.413,1.0534327619456718
2015-06-01,CUSR0000SEFR,Fruits & vegetables,215.925,-0.22549477157102205
2015-07-01,CUSR0000SEFR,Fruits & vegetables,216.926,0.463586893597312
2015-08-01,CUSR0000SEFR,Fruits & vegetables,217.194,0.12354443450761643
2015-09-01,CUSR0000SEFR,Fruits & vegetables,218.193,0.45995745738833804
2015-10-01,CUSR0000SEFR,Fruits & vegetables,216.697,-0.6856315280508563
2015-11-01,CUSR0000SEFR,Fruits & vegetables,215.569,-0.5205425086641791
2015-12-01,CUSR0000SEFR,Fruits & vegetables,215.451,-0.05473885391683586
2016-01-01,CUSR0000SEFR,Fruits & vegetables,215.261,-0.08818710518865291
2016-02-01,CUSR0000SEFR,Fruits & vegetables,215.325,0.02973134938515365
2016-03-01,CUSR0000SEFR,Fruits & vegetables,215.343,0.00835945663530957
2016-04-01,CUSR0000SEFR,Fruits & vegetables,216.681,0.6213343363842938
2016-05-01,CUSR0000SEFR,Fruits & vegetables,215.596,-0.5007361051499681
2016-06-01,CUSR0000SEFR,Fruits & vegetables,215.527,-0.03200430434702195
2016-07-01,CUSR0000SEFR,Fruits & vegetables,215.47,-0.02644680248877762
2016-08-01,CUSR0000SEFR,Fruits & vegetables,215.865,0.18332018378428572
2016-09-01,CUSR0000SEFR,Fruits & vegetables,216.173,0.1426817686980275
2016-10-01,CUSR0000SEFR,Fruits & vegetables,214.893,-0.5921183496551352
2016-11-01,CUSR0000SEFR,Fruits & vegetables,213.867,-0.4774469154416483
2016-12-01,CUSR0000SEFR,Fruits & vegetables,213.943,0.03553610421431763
2017-01-01,CUSR0000SEFR,Fruits & vegetables,214.976,0.48283888699325317
2017-02-01,CUSR0000SEFR,Fruits & vegetables,213.745,-0.5726220601369403
2017-03-01,CUSR0000SEFR,Fruits & vegetables,214.636,0.4168518561837642
2017-04-01,CUSR0000SEFR,Fruits & vegetables,214.014,-0.289792951788137
2017-05-01,CUSR0000SEFR,Fruits & vegetables,214.418,0.18877269711328193
2017-06-01,CUSR0000SEFR,Fruits & vegetables,215.648,0.5736458692833679
2017-07-01,CUSR0000SEFR,Fruits & vegetables,216.592,0.4377504080724126
2017-08-01,CUSR0000SEFR,Fruits & vegetables,216.24,-0.16251754450764544
2017-09-01,CUSR0000SEFR,Fruits & vegetables,215.8,-0.20347761746207782
2017-10-01,CUSR0000SEFR,Fruits & vegetables,214.78,-0.47265987025023604
2017-11-01,CUSR0000SEFR,Fruits & vegetables,214.994,0.09963683769438347
2017-12-01,CUSR0000SEFR,Fruits & vegetables,214.975,-0.008837455929000537
2018-01-01,CUSR0000SEFR,Fruits & vegetables,217.689,1.2624723805093607
2018-02-01,CUSR0000SEFR,Fruits & vegetables,217.059,-0.2894036905861097
2018-03-01,CUSR0000SEFR,Fruits & vegetables,217.177,0.054363099433785145
2018-04-01,CUSR0000SEFR,Fruits & vegetables,215.453,-0.7938225502700513
2018-05-01,CUSR0000SEFR,Fruits & vegetables,215.44,-0.006033798554672121
2018-06-01,CUSR0000SEFR,Fruits & vegetables,215.968,0.24507983661343768
2018-07-01,CUSR0000SEFR,Fruits & vegetables,214.285,-0.7792821158690177
2018-08-01,CUSR0000SEFR,Fruits & vegetables,214.046,-0.11153370511235439
2018-09-01,CUSR0000SEFR,Fruits & vegetables,216.771,1.273090830942869
2018-10-01,CUSR0000SEFR,Fruits & vegetables,215.318,-0.6702926129417586
2018-11-01,CUSR0000SEFR,Fruits & vegetables,216.037,0.33392470671285146
2018-12-01,CUSR0000SEFR,Fruits & vegetables,214.957,-0.49991436652055965
2019-01-01,CUSR0000SEFR,Fruits & vegetables,217.745,1.2970035867638785
2019-02-01,CUSR0000SEFR,Fruits & vegetables,218.293,0.25167053204435685
2019-03-01,CUSR0000SEFR,Fruits & vegetables,220.618,1.065082251835836
2019-04-01,CUSR0000SEFR,Fruits & vegetables,217.498,-1.4142091760418474
2019-05-01,CUSR0000SEFR,Fruits & vegetables,217.744,0.11310448831713948
2019-06-01,CUSR0000SEFR,Fruits & vegetables,220.473,1.2533066353148659
2019-07-01,CUSR0000SEFR,Fruits & vegetables,219.552,-0.4177382264495044
2019-08-01,CUSR0000SEFR,Fruits & vegetables,219.893,0.1553162804255992
2019-09-01,CUSR0000SEFR,Fruits & vegetables,223.481,1.6317026917637145
2019-10-01,CUSR0000SEFR,Fruits & vegetables,223.642,0.07204191855236797
2019-11-01,CUSR0000SEFR,Fruits & vegetables,223.429,-0.09524150204344162
2019-12-01,CUSR0000SEFR,Fruits & vegetables,220.581,-1.2746778618711097
2020-01-01,CUSR0000SEFR,Fruits & vegetables,224.796,1.910862676295788
2020-02-01,CUSR0000SEFR,Fruits & vegetables,224.16,-0.28292318368654534
2020-03-01,CUSR0000SEFR,Fruits & vegetables,225.805,0.7338508208422523
2020-04-01,CUSR0000SEFR,Fruits & vegetables,227.755,0.8635769801377258
2020-05-01,CUSR0000SEFR,Fruits & vegetables,229.24,0.6520164211543111
2020-06-01,CUSR0000SEFR,Fruits & vegetables,226.922,-1.011167335543539
2020-07-01,CUSR0000SEFR,Fruits & vegetables,225.532,-0.6125452798758979
2020-08-01,CUSR0000SEFR,Fruits & vegetables,227.252,0.762641221644822
2020-09-01,CUSR0000SEFR,Fruits & vegetables,227.855,0.2653441993909711
2020-10-01,CUSR0000SEFR,Fruits & vegetables,230.092,0.9817647187904788
2020-11-01,CUSR0000SEFR,Fruits & vegetables,230.249,0.06823357613474634
2020-12-01,CUSR0000SEFR,Fruits & vegetables,231.476,0.5329013372479485
2021-01-01,CUSR0000SEFR,Fruits & vegetables,231.039,-0.18878847051099212
2021-02-01,CUSR0000SEFR,Fruits & vegetables,230.689,-0.15148957535308094
2021-03-01,CUSR0000SEFR,Fruits & vegetables,231.918,0.5327518867392911
2021-04-01,CUSR0000SEFR,Fruits & vegetables,232.377,0.19791478022403997
2021-05-01,CUSR0000SEFR,Fruits & vegetables,234.001,0.6988643454386656
2021-06-01,CUSR0000SEFR,Fruits & vegetables,232.917,-0.4632458835646003
2021-07-01,CUSR0000SEFR,Fruits & vegetables,233.973,0.4533803887221577
2021-08-01,CUSR0000SEFR,Fruits & vegetables,234.399,0.18207229039246542
2021-09-01,CUSR0000SEFR,Fruits & vegetables,234.302,-0.041382429105929486
2021-10-01,CUSR0000SEFR,Fruits & vegetables,235.592,0.5505714846651077
2021-11-01,CUSR0000SEFR,Fruits & vegetables,239.128,1.5008998607762392
2021-12-01,CUSR0000SEFR,Fruits & vegetables,242.029,1.2131578066976623
2022-01-01,CUSR0000SEFR,Fruits & vegetables,243.621,0.6577724157022624
2022-02-01,CUSR0000SEFR,Fruits & vegetables,246.885,1.339785979041208
2022-03-01,CUSR0000SEFR,Fruits & vegetables,250.555,1.48652206492903
2022-04-01,CUSR0000SEFR,Fruits & vegetables,250.993,0.1748119175430496
2022-05-01,CUSR0000SEFR,Fruits & vegetables,252.863,0.7450406983461777
2022-06-01,CUSR0000SEFR,Fruits & vegetables,254.869,0.7933149571111686
2022-07-01,CUSR0000SEFR,Fruits & vegetables,260.703,2.289019064695963
2022-08-01,CUSR0000SEFR,Fruits & vegetables,264.198,1.3406059769162537
2022-09-01,CUSR0000SEFR,Fruits & vegetables,267.962,1.4246890589633576
2022-10-01,CUSR0000SEFR,Fruits & vegetables,270.652,1.0038736835819906
2022-11-01,CUSR0000SEFR,Fruits & vegetables,270.434,-0.08054623649556003
2022-12-01,CUSR0000SEFR,Fruits & vegetables,271.606,0.4333774599347695
2023-01-01,CUSR0000SEFR,Fruits & vegetables,273.782,0.8011605045543879
2023-02-01,CUSR0000SEFR,Fruits & vegetables,275.701,0.7009226318750006
2023-03-01,CUSR0000SEFR,Fruits & vegetables,275.641,-0.021762706700378942
2023-04-01,CUSR0000SEFR,Fruits & vegetables,277.238,0.5793767980815545
2023-05-01,CUSR0000SEFR,Fruits & vegetables,278.769,0.5522330993586788
2023-06-01,CUSR0000SEFR,Fruits & vegetables,282.858,1.4668058500048486
2023-07-01,CUSR0000SEFR,Fruits & vegetables,284.009,0.406917958834474
2023-08-01,CUSR0000SEFR,Fruits & vegetables,285.246,0.4355495776542151
2023-09-01,CUSR0000SEFR,Fruits & vegetables,285.37,0.04347124937773561
2023-10-01,CUSR0000SEFR,Fruits & vegetables,284.755,-0.21550968917546376
2023-11-01,CUSR0000SEFR,Fruits & vegetables,285.104,0.12256150023703949
2023-12-01,CUSR0000SEFR,Fruits & vegetables,285.7,0.2090465233739236
2024-01-01,CUSR0000SEFR,Fruits & vegetables,285.985,0.09975498774938973
2024-02-01,CUSR0000SEFR,Fruits & vegetables,289.108,1.0920153154885703
2024-03-01,CUSR0000SEFR,Fruits & vegetables,287.477,-0.5641490377298553
2024-04-01,CUSR0000SEFR,Fruits & vegetables,289.151,0.582307454161568
2024-05-01,CUSR0000SEFR,Fruits & vegetables,289.748,0.2064665174943192
2024-06-01,CUSR0000SEFR,Fruits & vegetables,288.659,-0.3758438367132855
2024-07-01,CUSR0000SEFR,Fruits & vegetables,289.043,0.13302893725815057
2024-08-01,CUSR0000SEFR,Fruits & vegetables,290.539,0.5175700501309333
2024-09-01,CUSR0000SEFR,Fruits & vegetables,287.82,-0.9358468226296601
2024-10-01,CUSR0000SEFR,Fruits & vegetables,291.112,1.1437704120631054
2024-11-01,CUSR0000SEFR,Fruits & vegetables,292.529,0.4867542389183521
2024-12-01,CUSR0000SEFR,Fruits & vegetables,294.529,0.6836928988237068
2015-01-01,CUSR0000SEFJ,"Meats, poultry, fish, eggs",226.065,
2015-02-01,CUSR0000SEFJ,"Meats, poultry, fish, eggs",224.929,-0.5025103399464714
2015-03-01,CUSR0000SEFJ,"Meats, poultry, fish, eggs",224.214,-0.3178780859737995
2015-04-01,CUSR0000SEFJ,"Meats, poultry, fish, eggs",222.912,-0.5806952286654732
2015-05-01,CUSR0000SEFJ,"Meats, poultry, fish, eggs",222.333,-0.2597437553832904
2015-06-01,CUSR0000SEFJ,"Meats, poultry, fish, eggs",221.849,-0.2176914807968222
2015-07-01,CUSR0000SEFJ,"Meats, poultry, fish, eggs",222.965,0.503044863848845
2015-08-01,CUSR0000SEFJ,"Meats, poultry, fish, eggs",221.436,-0.6857578543717602
2015-09-01,CUSR0000SEFJ,"Meats, poultry, fish, eggs",221.947,0.23076645170614363
2015-10-01,CUSR0000SEFJ,"Meats, poultry, fish, eggs",220.736,-0.5456257575006673
2015-11-01,CUSR0000SEFJ,"Meats, poultry, fish, eggs",219.848,-0.40229051899099977
2015-12-01,CUSR0000SEFJ,"Meats, poultry, fish, eggs",219.897,0.022288126341818426
2016-01-01,CUSR0000SEFJ,"Meats, poultry, fish, eggs",219.359,-0.24465999990903597
2016-02-01,CUSR0000SEFJ,"Meats, poultry, fish, eggs",219.126,-0.10621857320648465
2016-03-01,CUSR0000SEFJ,"Meats, poultry, fish, eggs",217.77,-0.6188220475890516
2016-04-01,CUSR0000SEFJ,"Meats, poultry, fish, eggs",218.297,0.24199843871974824
2016-05-01,CUSR0000SEFJ,"Meats, poultry, fish, eggs",217.117,-0.5405479690513415
2016-06-01,CUSR0000SEFJ,"Meats, poultry, fish, eggs",216.471,-0.29753543020583084
2016-07-01,CUSR0000SEFJ,"Meats, poultry, fish, eggs",216.112,-0.16584207584388055
2016-08-01,CUSR0000SEFJ,"Meats, poultry, fish, eggs",216.02,-0.04257051899014819
2016-09-01,CUSR0000SEFJ,"Meats, poultry, fish, eggs",216.501,0.22266456809554303
2016-10-01,CUSR0000SEFJ,"Meats, poultry, fish, eggs",217.392,0.4115454432081167
2016-11-01,CUSR0000SEFJ,"Meats, poultry, fish, eggs",216.479,-0.4199786560682872
2016-12-01,CUSR0000SEFJ,"Meats, poultry, fish, eggs",217.1,0.28686385284484306
2017-01-01,CUSR0000SEFJ,"Meats, poultry, fish, eggs",218.351,0.5762321510824453
2017-02-01,CUSR0000SEFJ,"Meats, poultry, fish, eggs",220.167,0.8316884282645765
2017-03-01,CUSR0000SEFJ,"Meats, poultry, fish, eggs",218.236,-0.8770615033134033
2017-04-01,CUSR0000SEFJ,"Meats, poultry, fish, eggs",217.821,-0.1901611099910161
2017-05-01,CUSR0000SEFJ,"Meats, poultry, fish, eggs",217.826,0.00229546278824877
2017-06-01,CUSR0000SEFJ,"Meats, poultry, fish, eggs",216.676,-0.5279443225326697
2017-07-01,CUSR0000SEFJ,"Meats, poultry, fish, eggs",217.766,0.5030552530044918
2017-08-01,CUSR0000SEFJ,"Meats, poultry, fish, eggs",217.08,-0.3150170366356453
2017-09-01,CUSR0000SEFJ,"Meats, poultry, fish, eggs",216.371,-0.3266077022295977
2017-10-01,CUSR0000SEFJ,"Meats, poultry, fish, eggs",216.341,-0.013865074339902694
2017-11-01,CUSR0000SEFJ,"Meats, poultry, fish, eggs",216.678,0.15577259973837965
2017-12-01,CUSR0000SEFJ,"Meats, poultry, fish, eggs",216.172,-0.23352624631942653
2018-01-01,CUSR0000SEFJ,"Meats, poultry, fish, eggs",216.779,0.2807949225616557
2018-02-01,CUSR0000SEFJ,"Meats, poultry, fish, eggs",216.262,-0.2384917358231209
2018-03-01,CUSR0000SEFJ,"Meats, poultry, fish, eggs",216.295,0.015259268849820984
2018-04-01,CUSR0000SEFJ,"Meats, poultry, fish, eggs",216.617,0.1488707552185664
2018-05-01,CUSR0000SEFJ,"Meats, poultry, fish, eggs",216.09,-0.2432865379910054
2018-06-01,CUSR0000SEFJ,"Meats, poultry, fish, eggs",216.869,0.360497940672877
2018-07-01,CUSR0000SEFJ,"Meats, poultry, fish, eggs",216.367,-0.23147614458498555
2018-08-01,CUSR0000SEFJ,"Meats, poultry, fish, eggs",216.654,0.13264499669543017
2018-09-01,CUSR0000SEFJ,"Meats, poultry, fish, eggs",216.496,-0.07292734036759008
2018-10-01,CUSR0000SEFJ,"Meats, poultry, fish, eggs",216.317,-0.08268051141822053
2018-11-01,CUSR0000SEFJ,"Meats, poultry, fish, eggs",216.11,-0.09569289514924639
2018-12-01,CUSR0000SEFJ,"Meats, poultry, fish, eggs",216.497,0.17907547082505193
2019-01-01,CUSR0000SEFJ,"Meats, poultry, fish, eggs",216.466,-0.014318905111854185
2019-02-01,CUSR0000SEFJ,"Meats, poultry, fish, eggs",216.74,0.12657876987609562
2019-03-01,CUSR0000SEFJ,"Meats, poultry, fish, eggs",217.596,0.3949432499769312
2019-04-01,CUSR0000SEFJ,"Meats, poultry, fish, eggs",217.061,-0.2458684902295949
2019-05-01,CUSR0000SEFJ,"Meats, poultry, fish, eggs",217.79,0.3358502909320382
2019-06-01,CUSR0000SEFJ,"Meats, poultry, fish, eggs",217.722,-0.03122273749941451
2019-07-01,CUSR0000SEFJ,"Meats, poultry, fish, eggs",217.968,0.11298812246809398
2019-08-01,CUSR0000SEFJ,"Meats, poultry, fish, eggs",218.893,0.4243742200690015
2019-09-01,CUSR0000SEFJ,"Meats, poultry, fish, eggs",219.515,0.2841570995874676
2019-10-01,CUSR0000SEFJ,"Meats, poultry, fish, eggs",220.412,0.40862811197412974
2019-11-01,CUSR0000SEFJ,"Meats, poultry, fish, eggs",221.926,0.6868954503384428
2019-12-01,CUSR0000SEFJ,"Meats, poultry, fish, eggs",222.033,0.04821426962140496
2020-01-01,CUSR0000SEFJ,"Meats, poultry, fish, eggs",223.035,0.45128426855467474
2020-02-01,CUSR0000SEFJ,"Meats, poultry, fish, eggs",224.443,0.6312910529737481
2020-03-01,CUSR0000SEFJ,"Meats, poultry, fish, eggs",225.627,0.5275281474583782
2020-04-01,CUSR0000SEFJ,"Meats, poultry, fish, eggs",228.755,1.3863589020817413
2020-05-01,CUSR0000SEFJ,"Meats, poultry, fish, eggs",230.166,0.6168171187515004
2020-06-01,CUSR0000SEFJ,"Meats, poultry, fish, eggs",228.437,-0.7511969621925019
2020-07-01,CUSR0000SEFJ,"Meats, poultry, fish, eggs",227.114,-0.5791531144254236
2020-08-01,CUSR0000SEFJ,"Meats, poultry, fish, eggs",231.231,1.812746021821643
2020-09-01,CUSR0000SEFJ,"Meats, poultry, fish, eggs",230.656,-0.24866907983790432
2020-10-01,CUSR0000SEFJ,"Meats, poultry, fish, eggs",229.155,-0.6507526359600502
2020-11-01,CUSR0000SEFJ,"Meats, poultry, fish, eggs",229.503,0.15186227662498109
2020-12-01,CUSR0000SEFJ,"Meats, poultry, fish, eggs",231.74,0.9747149274737188
2021-01-01,CUSR0000SEFJ,"Meats, poultry, fish, eggs",231.546,-0.08371450763787758
2021-02-01,CUSR0000SEFJ,"Meats, poultry, fish, eggs",230.452,-0.47247631140248103
2021-03-01,CUSR0000SEFJ,"Meats, poultry, fish, eggs",229.249,-0.5220176001944021
2021-04-01,CUSR0000SEFJ,"Meats, poultry, fish, eggs",230.17,0.4017465725041358
2021-05-01,CUSR0000SEFJ,"Meats, poultry, fish, eggs",230.38,0.0912369118477585
2021-06-01,CUSR0000SEFJ,"Meats, poultry, fish, eggs",230.152,-0.09896692421217379
2021-07-01,CUSR0000SEFJ,"Meats, poultry, fish, eggs",231.233,0.4696895964406256
2021-08-01,CUSR0000SEFJ,"Meats, poultry, fish, eggs",230.145,-0.47052107614397043
2021-09-01,CUSR0000SEFJ,"Meats, poultry, fish, eggs",231.973,0.7942818657802775
2021-10-01,CUSR0000SEFJ,"Meats, poultry, fish, eggs",233.168,0.5151461592512785
2021-11-01,CUSR0000SEFJ,"Meats, poultry, fish, eggs",233.157,-0.0047176284910466215
2021-12-01,CUSR0000SEFJ,"Meats, poultry, fish, eggs",235.442,0.9800263341868343
2022-01-01,CUSR0000SEFJ,"Meats, poultry, fish, eggs",238.675,1.3731619677032958
2022-02-01,CUSR0000SEFJ,"Meats, poultry, fish, eggs",242.386,1.5548339792604837
2022-03-01,CUSR0000SEFJ,"Meats, poultry, fish, eggs",245.258,1.1848869159109876
2022-04-01,CUSR0000SEFJ,"Meats, poultry, fish, eggs",251.03,2.3534400508851805
2022-05-01,CUSR0000SEFJ,"Meats, poultry, fish, eggs",257.678,2.6482890491176247
2022-06-01,CUSR0000SEFJ,"Meats, poultry, fish, eggs",261.255,1.388166626564935
2022-07-01,CUSR0000SEFJ,"Meats, poultry, fish, eggs",265.638,1.677671240741807
2022-08-01,CUSR0000SEFJ,"Meats, poultry, fish, eggs",267.461,0.6862722953794309
2022-09-01,CUSR0000SEFJ,"Meats, poultry, fish, eggs",268.793,0.49801653325156625
2022-10-01,CUSR0000SEFJ,"Meats, poultry, fish, eggs",269.355,0.20908282581764137
2022-11-01,CUSR0000SEFJ,"Meats, poultry, fish, eggs",271.307,0.7246941768298321
2022-12-01,CUSR0000SEFJ,"Meats, poultry, fish, eggs",271.376,0.02543244368924391
2023-01-01,CUSR0000SEFJ,"Meats, poultry, fish, eggs",272.04,0.24467896940041367
2023-02-01,CUSR0000SEFJ,"Meats, poultry, fish, eggs",272.271,0.08491398323775545
2023-03-01,CUSR0000SEFJ,"Meats, poultry, fish, eggs",271.384,-0.32577836053050424
2023-04-01,CUSR0000SEFJ,"Meats, poultry, fish, eggs",271.102,-0.10391180025353108
2023-05-01,CUSR0000SEFJ,"Meats, poultry, fish, eggs",269.573,-0.5639943637450129
2023-06-01,CUSR0000SEFJ,"Meats, poultry, fish, eggs",268.338,-0.45813193457799883
2023-07-01,CUSR0000SEFJ,"Meats, poultry, fish, eggs",269.143,0.2999947826994198
2023-08-01,CUSR0000SEFJ,"Meats, poultry, fish, eggs",268.281,-0.3202758384947657
2023-09-01,CUSR0000SEFJ,"Meats, poultry, fish, eggs",268.377,0.03578337638521223
2023-10-01,CUSR0000SEFJ,"Meats, poultry, fish, eggs",268.326,-0.019003118747129566
2023-11-01,CUSR0000SEFJ,"Meats, poultry, fish, eggs",267.609,-0.2672122716397385
2023-12-01,CUSR0000SEFJ,"Meats, poultry, fish, eggs",267.889,0.1046302628088025
2024-01-01,CUSR0000SEFJ,"Meats, poultry, fish, eggs",268.941,0.3926999615512239
2024-02-01,CUSR0000SEFJ,"Meats, poultry, fish, eggs",267.334,-0.5975288260250289
2024-03-01,CUSR0000SEFJ,"Meats, poultry, fish, eggs",266.274,-0.3965077393822014
2024-04-01,CUSR0000SEFJ,"Meats, poultry, fish, eggs",267.474,0.45066360215417767
2024-05-01,CUSR0000SEFJ,"Meats, poultry, fish, eggs",266.749,-0.27105438285589534
2024-06-01,CUSR0000SEFJ,"Meats, poultry, fish, eggs",268.098,0.5057188593021955
2024-07-01,CUSR0000SEFJ,"Meats, poultry, fish, eggs",268.653,0.20701385314325638
2024-08-01,CUSR0000SEFJ,"Meats, poultry, fish, eggs",269.468,0.3033653076645271
2024-09-01,CUSR0000SEFJ,"Meats, poultry, fish, eggs",269.643,0.06494277613666721
2024-10-01,CUSR0000SEFJ,"Meats, poultry, fish, eggs",271.695,0.7610062193344591
2024-11-01,CUSR0000SEFJ,"Meats, poultry, fish, eggs",270.819,-0.3224203610666332
2024-12-01,CUSR0000SEFJ,"Meats, poultry, fish, eggs",271.358,0.19902591767932964
2015-01-01,CUSR0000SEFH,Nonalcoholic beverages,253.463,
2015-02-01,CUSR0000SEFH,Nonalcoholic beverages,254.909,0.5704974690585951
2015-03-01,CUSR0000SEFH,Nonalcoholic beverages,256.09,0.4633025903361565
2015-04-01,CUSR0000SEFH,Nonalcoholic beverages,249.813,-2.451091413175055
2015-05-01,CUSR0000SEFH,Nonalcoholic beverages,253.155,1.3378006749048321
2015-06-01,CUSR0000SEFH,Nonalcoholic beverages,299.516,18.313286326558842
2015-07-01,CUSR0000SEFH,Nonalcoholic beverages,304.797,1.763177927055648
2015-08-01,CUSR0000SEFH,Nonalcoholic beverages,330.449,8.416093334251972
2015-09-01,CUSR0000SEFH,Nonalcoholic beverages,328.556,-0.5728569310241571
2015-10-01,CUSR0000SEFH,Nonalcoholic beverages,312.396,-4.918491824833504
2015-11-01,CUSR0000SEFH,Nonalcoholic beverages,303.374,-2.888001126774986
2015-12-01,CUSR0000SEFH,Nonalcoholic beverages,291.865,-3.793667222636088
2016-01-01,CUSR0000SEFH,Nonalcoholic beverages,270.769,-7.227999246226857
2016-02-01,CUSR0000SEFH,Nonalcoholic beverages,268.38,-0.8823018883254763
2016-03-01,CUSR0000SEFH,Nonalcoholic beverages,256.622,-4.381101423354938
2016-04-01,CUSR0000SEFH,Nonalcoholic beverages,239.754,-6.573091940675402
2016-05-01,CUSR0000SEFH,Nonalcoholic beverages,231.176,-3.5778339464617948
2016-06-01,CUSR0000SEFH,Nonalcoholic beverages,219.598,-5.0083053604180305
2016-07-01,CUSR0000SEFH,Nonalcoholic beverages,216.426,-1.4444575997960007
2016-08-01,CUSR0000SEFH,Nonalcoholic beverages,206.522,-4.576159980778649
2016-09-01,CUSR0000SEFH,Nonalcoholic beverages,205.808,-0.34572587908310304
2016-10-01,CUSR0000SEFH,Nonalcoholic beverages,201.55,-2.068918603747172
2016-11-01,CUSR0000SEFH,Nonalcoholic beverages,203.283,0.8598362689158812
2016-12-01,CUSR0000SEFH,Nonalcoholic beverages,193.73,-4.699360005509556
2017-01-01,CUSR0000SEFH,Nonalcoholic beverages,220.813,13.979765653228714
2017-02-01,CUSR0000SEFH,Nonalcoholic beverages,209.845,-4.9670988574042285
2017-03-01,CUSR0000SEFH,Nonalcoholic beverages,202.193,-3.6465009888250743
2017-04-01,CUSR0000SEFH,Nonalcoholic beverages,202.723,0.2621257907049257
2017-05-01,CUSR0000SEFH,Nonalcoholic beverages,193.459,-4.569782412454437
2017-06-01,CUSR0000SEFH,Nonalcoholic beverages,191.313,-1.1092789686703686
2017-07-01,CUSR0000SEFH,Nonalcoholic beverages,191.698,0.2012408984230163
2017-08-01,CUSR0000SEFH,Nonalcoholic beverages,194.898,1.6692923243852187
2017-09-01,CUSR0000SEFH,Nonalcoholic beverages,200.45,2.8486695604880374
2017-10-01,CUSR0000SEFH,Nonalcoholic beverages,211.314,5.419805437765035
2017-11-01,CUSR0000SEFH,Nonalcoholic beverages,209.723,-0.7529079947376838
2017-12-01,CUSR0000SEFH,Nonalcoholic beverages,225.02,7.29390672458432
2018-01-01,CUSR0000SEFH,Nonalcoholic beverages,226.224,0.5350635499066669
2018-02-01,CUSR0000SEFH,Nonalcoholic beverages,231.965,2.53775019449749
2018-03-01,CUSR0000SEFH,Nonalcoholic beverages,235.107,1.3545146897161242
2018-04-01,CUSR0000SEFH,Nonalcoholic beverages,249.78,6.240988145822968
2018-05-01,CUSR0000SEFH,Nonalcoholic beverages,235.201,-5.836736327968617
2018-06-01,CUSR0000SEFH,Nonalcoholic beverages,218.292,-7.18917011407264
2018-07-01,CUSR0000SEFH,Nonalcoholic beverages,223.775,2.5117732211899613
2018-08-01,CUSR0000SEFH,Nonalcoholic beverages,223.5,-0.12289129706177793
2018-09-01,CUSR0000SEFH,Nonalcoholic beverages,220.666,-1.2680089485458623
2018-10-01,CUSR0000SEFH,Nonalcoholic beverages,217.297,-1.526741772633755
2018-11-01,CUSR0000SEFH,Nonalcoholic beverages,217.225,-0.03313437369131256
2018-12-01,CUSR0000SEFH,Nonalcoholic beverages,220.112,1.3290367130855074
2019-01-01,CUSR0000SEFH,Nonalcoholic beverages,214.903,-2.3665224976375687
2019-02-01,CUSR0000SEFH,Nonalcoholic beverages,209.915,-2.3210471701186064
2019-03-01,CUSR0000SEFH,Nonalcoholic beverages,211.885,0.9384750970631073
2019-04-01,CUSR0000SEFH,Nonalcoholic beverages,201.504,-4.899355782617931
2019-05-01,CUSR0000SEFH,Nonalcoholic beverages,196.721,-2.3736501508654806
2019-06-01,CUSR0000SEFH,Nonalcoholic beverages,196.335,-0.19621697734354404
2019-07-01,CUSR0000SEFH,Nonalcoholic beverages,198.269,0.9850510606870921
2019-08-01,CUSR0000SEFH,Nonalcoholic beverages,195.508,-1.3925525422532004
2019-09-01,CUSR0000SEFH,Nonalcoholic beverages,206.572,5.659103463796877
2019-10-01,CUSR0000SEFH,Nonalcoholic beverages,201.149,-2.625234784966013
2019-11-01,CUSR0000SEFH,Nonalcoholic beverages,202.706,0.7740530651407562
2019-12-01,CUSR0000SEFH,Nonalcoholic beverages,208.83,3.021124189713187
2020-01-01,CUSR0000SEFH,Nonalcoholic beverages,205.427,-1.629555140544947
2020-02-01,CUSR0000SEFH,Nonalcoholic beverages,201.498,-1.9126015567573873
2020-03-01,CUSR0000SEFH,Nonalcoholic beverages,209.867,4.15339110065609
2020-04-01,CUSR0000SEFH,Nonalcoholic beverages,233.596,11.306684709840042
2020-05-01,CUSR0000SEFH,Nonalcoholic beverages,223.01,-4.5317556807479615
2020-06-01,CUSR0000SEFH,Nonalcoholic beverages,219.387,-1.6245908255235197
2020-07-01,CUSR0000SEFH,Nonalcoholic beverages,213.15,-2.842921412845789
2020-08-01,CUSR0000SEFH,Nonalcoholic beverages,210.109,-1.4266948158573767
2020-09-01,CUSR0000SEFH,Nonalcoholic beverages,207.595,-1.1965218053486604
2020-10-01,CUSR0000SEFH,Nonalcoholic beverages,209.686,1.0072496929116825
2020-11-01,CUSR0000SEFH,Nonalcoholic beverages,212.313,1.2528256535963234
2020-12-01,CUSR0000SEFH,Nonalcoholic beverages,204.502,-3.6790022278428425
2021-01-01,CUSR0000SEFH,Nonalcoholic beverages,205.991,0.728110238530677
2021-02-01,CUSR0000SEFH,Nonalcoholic beverages,209.044,1.482103587049921
2021-03-01,CUSR0000SEFH,Nonalcoholic beverages,220.192,5.332848586900374
2021-04-01,CUSR0000SEFH,Nonalcoholic beverages,213.45,-3.0618732742334065
2021-05-01,CUSR0000SEFH,Nonalcoholic beverages,215.973,1.1820098383696465
2021-06-01,CUSR0000SEFH,Nonalcoholic beverages,222.901,3.207808383455335
2021-07-01,CUSR0000SEFH,Nonalcoholic beverages,225.774,1.2889130151950923
2021-08-01,CUSR0000SEFH,Nonalcoholic beverages,231.122,2.3687404218377672
2021-09-01,CUSR0000SEFH,Nonalcoholic beverages,233.597,1.0708630074159897
2021-10-01,CUSR0000SEFH,Nonalcoholic beverages,234.632,0.44307075861418355
2021-11-01,CUSR0000SEFH,Nonalcoholic beverages,229.359,-2.2473490401991203
2021-12-01,CUSR0000SEFH,Nonalcoholic beverages,225.647,-1.6184235194607655
2022-01-01,CUSR0000SEFH,Nonalcoholic beverages,231.429,2.562409427114032
2022-02-01,CUSR0000SEFH,Nonalcoholic beverages,231.065,-0.15728365935124833
2022-03-01,CUSR0000SEFH,Nonalcoholic beverages,244.703,5.90223530175491
2022-04-01,CUSR0000SEFH,Nonalcoholic beverages,262.462,7.2573691372807
2022-05-01,CUSR0000SEFH,Nonalcoholic beverages,287.781,9.64672981231569
2022-06-01,CUSR0000SEFH,Nonalcoholic beverages,299.054,3.917214826552118
2022-07-01,CUSR0000SEFH,Nonalcoholic beverages,312.616,4.5349669290496
2022-08-01,CUSR0000SEFH,Nonalcoholic beverages,323.39,3.4464006960616134
2022-09-01,CUSR0000SEFH,Nonalcoholic beverages,304.335,-5.8922663038436625
2022-10-01,CUSR0000SEFH,Nonalcoholic beverages,335.968,10.394138038674505
2022-11-01,CUSR0000SEFH,Nonalcoholic beverages,342.381,1.9088127440708424
2022-12-01,CUSR0000SEFH,Nonalcoholic beverages,358.003,4.5627531901595075
2023-01-01,CUSR0000SEFH,Nonalcoholic beverages,390.642,9.11696270701643
2023-02-01,CUSR0000SEFH,Nonalcoholic beverages,357.239,-8.55079586936377
2023-03-01,CUSR0000SEFH,Nonalcoholic beverages,332.462,-6.9356929114682275
2023-04-01,CUSR0000SEFH,Nonalcoholic beverages,319.233,-3.979101370983751
2023-05-01,CUSR0000SEFH,Nonalcoholic beverages,288.546,-9.61272800744284
2023-06-01,CUSR0000SEFH,Nonalcoholic beverages,277.573,-3.802859855967511
2023-07-01,CUSR0000SEFH,Nonalcoholic beverages,270.872,-2.4141397037896195
2023-08-01,CUSR0000SEFH,Nonalcoholic beverages,264.647,-2.298133435718719
2023-09-01,CUSR0000SEFH,Nonalcoholic beverages,260.003,-1.754790343363044
2023-10-01,CUSR0000SEFH,Nonalcoholic beverages,261.79,0.6872997619258303
2023-11-01,CUSR0000SEFH,Nonalcoholic beverages,266.189,1.6803544826005545
2023-12-01,CUSR0000SEFH,Nonalcoholic beverages,270.888,1.7652870704649493
2024-01-01,CUSR0000SEFH,Nonalcoholic beverages,277.74,2.5294586692655496
2024-02-01,CUSR0000SEFH,Nonalcoholic beverages,295.598,6.429754446604741
2024-03-01,CUSR0000SEFH,Nonalcoholic beverages,309.812,4.808557568048499
2024-04-01,CUSR0000SEFH,Nonalcoholic beverages,290.682,-6.174712406233452
2024-05-01,CUSR0000SEFH,Nonalcoholic beverages,298.519,2.69607337227622
2024-06-01,CUSR0000SEFH,Nonalcoholic beverages,307.274,2.932811646829858
2024-07-01,CUSR0000SEFH,Nonalcoholic beverages,322.975,5.109771734673285
2024-08-01,CUSR0000SEFH,Nonalcoholic beverages,338.998,4.961065097917783
2024-09-01,CUSR0000SEFH,Nonalcoholic beverages,362.577,6.955498262526616
2024-10-01,CUSR0000SEFH,Nonalcoholic beverages,341.531,-5.804560134812742
2024-11-01,CUSR0000SEFH,Nonalcoholic beverages,366.291,7.249707932808436
2024-12-01,CUSR0000SEFH,Nonalcoholic beverages,368.73,0.6658640261431481
2015-01-01,CUSR0000SEFW,Other foods,196.84,
2015-02-01,CUSR0000SEFW,Other foods,196.915,0.03810201178622297
2015-03-01,CUSR0000SEFW,Other foods,197.113,0.10055099916208565
2015-04-01,CUSR0000SEFW,Other foods,196.831,-0.1430651453734666
2015-05-01,CUSR0000SEFW,Other foods,197.283,0.22963862399723034
2015-06-01,CUSR0000SEFW,Other foods,196.94,-0.1738619141030906
2015-07-01,CUSR0000SEFW,Other foods,197.17,0.11678683863105555
2015-08-01,CUSR0000SEFW,Other foods,197.426,0.12983719632804203
2015-09-01,CUSR0000SEFW,Other foods,196.977,-0.22742698530081595
2015-10-01,CUSR0000SEFW,Other foods,198.169,0.6051467937881139
2015-11-01,CUSR0000SEFW,Other foods,198.045,-0.06257285448280081
2015-12-01,CUSR0000SEFW,Other foods,197.561,-0.24438890151227133
2016-01-01,CUSR0000SEFW,Other foods,198.847,0.6509381912422008
2016-02-01,CUSR0000SEFW,Other foods,199.188,0.17148863196325692
2016-03-01,CUSR0000SEFW,Other foods,198.824,-0.18274193224490087
2016-04-01,CUSR0000SEFW,Other foods,199.0,0.08852050054319882
2016-05-01,CUSR0000SEFW,Other foods,198.984,-0.008040201005021785
2016-06-01,CUSR0000SEFW,Other foods,199.02,0.01809190688699669
2016-07-01,CUSR0000SEFW,Other foods,198.958,-0.031152647975085657
2016-08-01,CUSR0000SEFW,Other foods,198.815,-0.07187446596769176
2016-09-01,CUSR0000SEFW,Other foods,198.923,0.05432185700273706
2016-10-01,CUSR0000SEFW,Other foods,199.173,0.1256767694032268
2016-11-01,CUSR0000SEFW,Other foods,198.799,-0.18777645564408418
2016-12-01,CUSR0000SEFW,Other foods,199.18,0.19165086343493343
2017-01-01,CUSR0000SEFW,Other foods,200.164,0.4940255045687181
2017-02-01,CUSR0000SEFW,Other foods,199.632,-0.2657820587118498
2017-03-01,CUSR0000SEFW,Other foods,199.855,0.11170553819026541
2017-04-01,CUSR0000SEFW,Other foods,200.612,0.3787746115934132
2017-05-01,CUSR0000SEFW,Other foods,199.576,-0.5164197555480254
2017-06-01,CUSR0000SEFW,Other foods,199.179,-0.1989217140337507
2017-07-01,CUSR0000SEFW,Other foods,199.743,0.28316238157637397
2017-08-01,CUSR0000SEFW,Other foods,199.92,0.08861386882144107
2017-09-01,CUSR0000SEFW,Other foods,200.633,0.3566426570628334
2017-10-01,CUSR0000SEFW,Other foods,201.027,0.19637846216722377
2017-11-01,CUSR0000SEFW,Other foods,201.57,0.2701129698995608
2017-12-01,CUSR0000SEFW,Other foods,201.709,0.06895867440592784
2018-01-01,CUSR0000SEFW,Other foods,201.299,-0.20326311666807317
2018-02-01,CUSR0000SEFW,Other foods,201.698,0.19821260910386496
2018-03-01,CUSR0000SEFW,Other foods,201.687,-0.00545369810309726
2018-04-01,CUSR0000SEFW,Other foods,201.946,0.12841680425608182
2018-05-01,CUSR0000SEFW,Other foods,201.764,-0.09012310221543363
2018-06-01,CUSR0000SEFW,Other foods,202.285,0.2582224777462727
2018-07-01,CUSR0000SEFW,Other foods,202.125,-0.07909632449266679
2018-08-01,CUSR0000SEFW,Other foods,202.036,-0.04403215831787488
2018-09-01,CUSR0000SEFW,Other foods,203.018,0.48605199073432637
2018-10-01,CUSR0000SEFW,Other foods,203.435,0.2054005063590436
2018-11-01,CUSR0000SEFW,Other foods,204.136,0.344581807456934
2018-12-01,CUSR0000SEFW,Other foods,204.695,0.27383704980992185
2019-01-01,CUSR0000SEFW,Other foods,205.059,0.1778255453235289
2019-02-01,CUSR0000SEFW,Other foods,205.947,0.43304609892762524
2019-03-01,CUSR0000SEFW,Other foods,204.958,-0.480220639290696
2019-04-01,CUSR0000SEFW,Other foods,204.031,-0.45228778579025075
2019-05-01,CUSR0000SEFW,Other foods,205.369,0.6557826996877791
2019-06-01,CUSR0000SEFW,Other foods,205.598,0.11150660518384203
2019-07-01,CUSR0000SEFW,Other foods,206.224,0.3044776700162233
2019-08-01,CUSR0000SEFW,Other foods,206.659,0.21093568158896403
2019-09-01,CUSR0000SEFW,Other foods,206.12,-0.2608161270498677
2019-10-01,CUSR0000SEFW,Other foods,205.786,-0.16204152920629156
2019-11-01,CUSR0000SEFW,Other foods,205.02,-0.372231347127594
2019-12-01,CUSR0000SEFW,Other foods,205.115,0.04633694273730171
2020-01-01,CUSR0000SEFW,Other foods,206.014,0.438290714964773
2020-02-01,CUSR0000SEFW,Other foods,206.774,0.36890696748763663
2020-03-01,CUSR0000SEFW,Other foods,207.917,0.5527774284968201
2020-04-01,CUSR0000SEFW,Other foods,208.853,0.45017963899056657
2020-05-01,CUSR0000SEFW,Other foods,209.458,0.28967742862204826
2020-06-01,CUSR0000SEFW,Other foods,209.222,-0.11267175280962327
2020-07-01,CUSR0000SEFW,Other foods,209.471,0.11901234095841318
2020-08-01,CUSR0000SEFW,Other foods,209.262,-0.09977514787249397
2020-09-01,CUSR0000SEFW,Other foods,209.015,-0.11803385229999241
2020-10-01,CUSR0000SEFW,Other foods,210.209,0.5712508671626537
2020-11-01,CUSR0000SEFW,Other foods,210.976,0.3648749577801036
2020-12-01,CUSR0000SEFW,Other foods,211.003,0.012797664189290181
2021-01-01,CUSR0000SEFW,Other foods,210.914,-0.04217949507826502
2021-02-01,CUSR0000SEFW,Other foods,210.432,-0.22852916354533237
2021-03-01,CUSR0000SEFW,Other foods,210.96,0.2509124087591408
2021-04-01,CUSR0000SEFW,Other foods,211.134,0.08248009101250453
2021-05-01,CUSR0000SEFW,Other foods,211.938,0.38080081843758773
2021-06-01,CUSR0000SEFW,Other foods,212.638,0.3302852721078997
2021-07-01,CUSR0000SEFW,Other foods,213.136,0.23420084839020916
2021-08-01,CUSR0000SEFW,Other foods,213.86,0.3396892125215878
2021-09-01,CUSR0000SEFW,Other foods,213.98,0.05611147479658296
2021-10-01,CUSR0000SEFW,Other foods,213.399,-0.2715207028694211
2021-11-01,CUSR0000SEFW,Other foods,213.682,0.1326154293131543
2021-12-01,CUSR0000SEFW,Other foods,213.576,-0.049606424499959445
2022-01-01,CUSR0000SEFW,Other foods,214.068,0.23036296213059249
2022-02-01,CUSR0000SEFW,Other foods,215.762,0.7913373320627137
2022-03-01,CUSR0000SEFW,Other foods,216.574,0.3763405975102163
2022-04-01,CUSR0000SEFW,Other foods,217.197,0.2876614921458742
2022-05-01,CUSR0000SEFW,Other foods,217.666,0.21593300091622414
2022-06-01,CUSR0000SEFW,Other foods,218.737,0.4920382604540974
2022-07-01,CUSR0000SEFW,Other foods,219.638,0.41191019352007086
2022-08-01,CUSR0000SEFW,Other foods,220.711,0.48853112849325253
2022-09-01,CUSR0000SEFW,Other foods,220.23,-0.21793204688485002
2022-10-01,CUSR0000SEFW,Other foods,221.446,0.5521500249738853
2022-11-01,CUSR0000SEFW,Other foods,223.315,0.8439980853119922
2022-12-01,CUSR0000SEFW,Other foods,224.841,0.6833396771376732
2023-01-01,CUSR0000SEFW,Other foods,225.372,0.23616689126984003
2023-02-01,CUSR0000SEFW,Other foods,225.024,-0.15441137319631704
2023-03-01,CUSR0000SEFW,Other foods,224.974,-0.022219852104665705
2023-04-01,CUSR0000SEFW,Other foods,225.14,0.07378630419514476
2023-05-01,CUSR0000SEFW,Other foods,226.072,0.41396464422138735
2023-06-01,CUSR0000SEFW,Other foods,225.688,-0.16985739056584181
2023-07-01,CUSR0000SEFW,Other foods,225.608,-0.03544716599906961
2023-08-01,CUSR0000SEFW,Other foods,225.949,0.1511471224424632
2023-09-01,CUSR0000SEFW,Other foods,226.652,0.3111321581418691
2023-10-01,CUSR0000SEFW,Other foods,227.372,0.3176676137867762
2023-11-01,CUSR0000SEFW,Other foods,226.653,-0.31622187428532733
2023-12-01,CUSR0000SEFW,Other foods,227.542,0.39222953148645434
2024-01-01,CUSR0000SEFW,Other foods,228.114,0.25138216241398226
2024-02-01,CUSR0000SEFW,Other foods,229.119,0.4405691890896568
2024-03-01,CUSR0000SEFW,Other foods,228.767,-0.15363195544673136
2024-04-01,CUSR0000SEFW,Other foods,228.725,-0.01835929133136016
2024-05-01,CUSR0000SEFW,Other foods,229.235,0.2229751885451936
2024-06-01,CUSR0000SEFW,Other foods,229.527,0.12738019935871758
2024-07-01,CUSR0000SEFW,Other foods,229.992,0.20259054490321393
2024-08-01,CUSR0000SEFW,Other foods,230.143,0.06565445754636023
2024-09-01,CUSR0000SEFW,Other foods,230.211,0.02954684696037102
2024-10-01,CUSR0000SEFW,Other foods,229.83,-0.16550034533536762
2024-11-01,CUSR0000SEFW,Other foods,229.105,-0.3154505504068372
2024-12-01,CUSR0000SEFW,Other foods,229.766,0.2885140001309461
