date,series_id,category,value,yoy_pct_change
2016-01-01,CUSR0000SEFC,Cereals & bakery,308.935,-5.155528539149234
2016-02-01,CUSR0000SEFC,Cereals & bakery,308.063,-5.652928908094745
2016-03-01,CUSR0000SEFC,Cereals & bakery,309.055,-4.897960439668636
2016-04-01,CUSR0000SEFC,Cereals & bakery,306.75,-5.874591509535277
2016-05-01,CUSR0000SEFC,Cereals & bakery,305.881,-5.799583016386789
2016-06-01,CUSR0000SEFC,Cereals & bakery,302.151,-7.1581547840354975
2016-07-01,CUSR0000SEFC,Cereals & bakery,298.516,-8.011931615082158
2016-08-01,CUSR0000SEFC,Cereals & bakery,298.958,-7.214107919876344
2016-09-01,CUSR0000SEFC,Cereals & bakery,298.498,-7.21029055652439
2016-10-01,CUSR0000SEFC,Cereals & bakery,296.83,-7.313615527771889
2016-11-01,CUSR0000SEFC,Cereals & bakery,296.559,-6.291591620058778
2016-12-01,CUSR0000SEFC,Cereals & bakery,294.845,-5.28863604971267
2017-01-01,CUSR0000SEFC,Cereals & bakery,294.679,-4.614562933950516
2017-02-01,CUSR0000SEFC,Cereals & bakery,295.794,-3.982626930205835
2017-03-01,CUSR0000SEFC,Cereals & bakery,295.12,-4.5089061817475855
2017-04-01,CUSR0000SEFC,Cereals & bakery,294.774,-3.904156479217602
2017-05-01,CUSR0000SEFC,Cereals & bakery,293.8,-3.9495751615824304
2017-06-01,CUSR0000SEFC,Cereals & bakery,298.839,-1.0961406713861699
2017-07-01,CUSR0000SEFC,Cereals & bakery,301.852,1.117528038698068
2017-08-01,CUSR0000SEFC,Cereals & bakery,301.58,0.8770462740585572
2017-09-01,CUSR0000SEFC,Cereals & bakery,299.336,0.28073889942312746
2017-10-01,CUSR0000SEFC,Cereals & bakery,298.849,0.6801873126031754
2017-11-01,CUSR0000SEFC,Cereals & bakery,300.632,1.3734197916771995
2017-12-01,CUSR0000SEFC,Cereals & bakery,305.23,3.522189625057237
2018-01-01,CUSR0000SEFC,Cereals & bakery,302.074,2.5095103485487824
2018-02-01,CUSR0000SEFC,Cereals & bakery,301.812,2.0345240268565323
2018-03-01,CUSR0000SEFC,Cereals & bakery,302.528,2.510165356465177
2018-04-01,CUSR0000SEFC,Cereals & bakery,305.031,3.4796148914083336
2018-05-01,CUSR0000SEFC,Cereals & bakery,300.17,2.1681415929203585
2018-06-01,CUSR0000SEFC,Cereals & bakery,301.45,0.8737146088696468
2018-07-01,CUSR0000SEFC,Cereals & bakery,303.141,0.42703046526113564
2018-08-01,CUSR0000SEFC,Cereals & bakery,303.746,0.7182173884209719
2018-09-01,CUSR0000SEFC,Cereals & bakery,303.114,1.2621268407408293
2018-10-01,CUSR0000SEFC,Cereals & bakery,301.958,1.040324712480234
2018-11-01,CUSR0000SEFC,Cereals & bakery,302.845,0.7361159158040476
2018-12-01,CUSR0000SEFC,Cereals & bakery,303.113,-0.6935753366314024
2019-01-01,CUSR0000SEFC,Cereals & bakery,305.967,1.2887570595284448
2019-02-01,CUSR0000SEFC,Cereals & bakery,306.685,1.614581262507775
2019-03-01,CUSR0000SEFC,Cereals & bakery,306.42,1.2864924899513408
2019-04-01,CUSR0000SEFC,Cereals & bakery,305.495,0.15211568660233876
2019-05-01,CUSR0000SEFC,Cereals & bakery,307.292,2.372655495219367
2019-06-01,CUSR0000SEFC,Cereals & bakery,304.075,0.8707911759827436
2019-07-01,CUSR0000SEFC,Cereals & bakery,305.134,0.657449833575785
2019-08-01,CUSR0000SEFC,Cereals & bakery,304.428,0.2245297057409834
2019-09-01,CUSR0000SEFC,Cereals & bakery,306.197,1.0171090744736322
2019-10-01,CUSR0000SEFC,Cereals & bakery,308.594,2.1976566277429166
2019-11-01,CUSR0000SEFC,Cereals & bakery,310.854,2.644587165051404
2019-12-01,CUSR0000SEFC,Cereals & bakery,316.987,4.577170890064108
2020-01-01,CUSR0000SEFC,Cereals & bakery,317.273,3.695169740527593
2020-02-01,CUSR0000SEFC,Cereals & bakery,318.882,3.977044850579592
2020-03-01,CUSR0000SEFC,Cereals & bakery,318.443,3.9236994974218176
2020-04-01,CUSR0000SEFC,Cereals & bakery,328.645,7.577865431512776
2020-05-01,CUSR0000SEFC,Cereals & bakery,363.942,18.435234239745913
2020-06-01,CUSR0000SEFC,Cereals & bakery,381.453,25.447011428101618
2020-07-01,CUSR0000SEFC,Cereals & bakery,348.9,14.34320659120254
2020-08-01,CUSR0000SEFC,Cereals & bakery,333.654,9.60029957822539
2020-09-01,CUSR0000SEFC,Cereals & bakery,331.09,8.129733472241707
2020-10-01,CUSR0000SEFC,Cereals & bakery,331.659,7.474221793035518
2020-11-01,CUSR0000SEFC,Cereals & bakery,333.856,7.399615253463043
2020-12-01,CUSR0000SEFC,Cereals & bakery,333.528,5.2181950679365485
2021-01-01,CUSR0000SEFC,Cereals & bakery,337.142,6.262430146908171
2021-02-01,CUSR0000SEFC,Cereals & bakery,340.0,6.622512402706948
2021-03-01,CUSR0000SEFC,Cereals & bakery,341.47,7.231121425184428
2021-04-01,CUSR0000SEFC,Cereals & bakery,343.072,4.3898431438178065
2021-05-01,CUSR0000SEFC,Cereals & bakery,354.782,-2.516884558528565
2021-06-01,CUSR0000SEFC,Cereals & bakery,371.856,-2.5159062846536795
2021-07-01,CUSR0000SEFC,Cereals & bakery,371.744,6.547434795070228
2021-08-01,CUSR0000SEFC,Cereals & bakery,374.273,12.173988622944742
2021-09-01,CUSR0000SEFC,Cereals & bakery,388.557,17.356912017880344
2021-10-01,CUSR0000SEFC,Cereals & bakery,397.293,19.789603176756863
2021-11-01,CUSR0000SEFC,Cereals & bakery,402.836,20.66160260711205
2021-12-01,CUSR0000SEFC,Cereals & bakery,395.46,18.56875584658557
2022-01-01,CUSR0000SEFC,Cereals & bakery,390.96,15.963006685610214
2022-02-01,CUSR0000SEFC,Cereals & bakery,394.802,16.118235294117646
2022-03-01,CUSR0000SEFC,Cereals & bakery,396.707,16.17623802969512
2022-04-01,CUSR0000SEFC,Cereals & bakery,393.272,14.632496968566366
2022-05-01,CUSR0000SEFC,Cereals & bakery,391.694,10.40413549729131
2022-06-01,CUSR0000SEFC,Cereals & bakery,387.876,4.308119271976252
2022-07-01,CUSR0000SEFC,Cereals & bakery,384.544,3.443229749505017
2022-08-01,CUSR0000SEFC,Cereals & bakery,383.581,2.486954709530198
2022-09-01,CUSR0000SEFC,Cereals & bakery,383.714,-1.2464065761265464
2022-10-01,CUSR0000SEFC,Cereals & bakery,382.21,-3.7964424241051398
2022-11-01,CUSR0000SEFC,Cereals & bakery,381.033,-5.412376252370688
2022-12-01,CUSR0000SEFC,Cereals & bakery,382.823,-3.1955191422647022
2023-01-01,CUSR0000SEFC,Cereals & bakery,386.309,-1.1896357683650383
2023-02-01,CUSR0000SEFC,Cereals & bakery,389.252,-1.4057679545696367
2023-03-01,CUSR0000SEFC,Cereals & bakery,389.482,-1.8212433861766963
2023-04-01,CUSR0000SEFC,Cereals & bakery,391.984,-0.32750869627128365
2023-05-01,CUSR0000SEFC,Cereals & bakery,396.145,1.1363462294546212
2023-06-01,CUSR0000SEFC,Cereals & bakery,398.9,2.842145427920273
2023-07-01,CUSR0000SEFC,Cereals & bakery,404.999,5.319287259715422
2023-08-01,CUSR0000SEFC,Cereals & bakery,407.649,6.274554787645892
2023-09-01,CUSR0000SEFC,Cereals & bakery,409.949,6.837123482593821
2023-10-01,CUSR0000SEFC,Cereals & bakery,416.164,8.883598022029782
2023-11-01,CUSR0000SEFC,Cereals & bakery,413.612,8.55017806856624
2023-12-01,CUSR0000SEFC,Cereals & bakery,415.87,8.632448938543401
2024-01-01,CUSR0000SEFC,Cereals & bakery,416.159,7.726975038117145
2024-02-01,CUSR0000SEFC,Cereals & bakery,417.692,7.306320840997604
2024-03-01,CUSR0000SEFC,Cereals & bakery,419.083,7.600094484469122
2024-04-01,CUSR0000SEFC,Cereals & bakery,419.874,7.11508633005431
2024-05-01,CUSR0000SEFC,Cereals & bakery,418.993,5.767585101414885
2024-06-01,CUSR0000SEFC,Cereals & bakery,419.8,5.239408373025833
2024-07-01,CUSR0000SEFC,Cereals & bakery,423.325,4.524949444319604
2024-08-01,CUSR0000SEFC,Cereals & bakery,424.636,4.167065293917083
2024-09-01,CUSR0000SEFC,Cereals & bakery,426.9,4.134904585692367
2024-10-01,CUSR0000SEFC,Cereals & bakery,424.183,1.9268845935736856
2024-11-01,CUSR0000SEFC,Cereals & bakery,434.015,4.932883958879319
2024-12-01,CUSR0000SEFC,Cereals & bakery,435.739,4.777694952749645
2016-01-01,CUSR0000SEFP,Dairy,119.68,-1.2590135801857971
2016-02-01,CUSR0000SEFP,Dairy,119.392,-1.633779608650876
2016-03-01,CUSR0000SEFP,Dairy,118.543,-2.0532438774498507
2016-04-01,CUSR0000SEFP,Dairy,118.722,-2.051019734670978
2016-05-01,CUSR0000SEFP,Dairy,118.646,-1.0590746856132593
2016-06-01,CUSR0000SEFP,Dairy,118.003,-1.8898200804815524
2016-07-01,CUSR0000SEFP,Dairy,117.913,-2.3276426198818756
2016-08-01,CUSR0000SEFP,Dairy,117.824,-2.28805055438992
2016-09-01,CUSR0000SEFP,Dairy,118.107,-1.3555499874718158
2016-10-01,CUSR0000SEFP,Dairy,117.556,-1.715604307404195
2016-11-01,CUSR0000SEFP,Dairy,118.24,-0.7412506400947039
2016-12-01,CUSR0000SEFP,Dairy,117.513,-1.7745494667156914
2017-01-01,CUSR0000SEFP,Dairy,117.654,-1.6928475935828913
2017-02-01,CUSR0000SEFP,Dairy,119.191,-0.16835298847492908
2017-03-01,CUSR0000SEFP,Dairy,118.564,0.01771509072656663
2017-04-01,CUSR0000SEFP,Dairy,118.761,0.03284985091220882
2017-05-01,CUSR0000SEFP,Dairy,119.068,0.35567992178413554
2017-06-01,CUSR0000SEFP,Dairy,118.641,0.5406642204011769
2017-07-01,CUSR0000SEFP,Dairy,118.451,0.45626860481879916
2017-08-01,CUSR0000SEFP,Dairy,116.643,-1.0023424769147193
2017-09-01,CUSR0000SEFP,Dairy,117.734,-0.31581532000644064
2017-10-01,CUSR0000SEFP,Dairy,118.475,0.7817550784307015
2017-11-01,CUSR0000SEFP,Dairy,117.288,-0.805142083897159
2017-12-01,CUSR0000SEFP,Dairy,118.951,1.2236943997685268
2018-01-01,CUSR0000SEFP,Dairy,117.171,-0.41052577897903175
2018-02-01,CUSR0000SEFP,Dairy,116.733,-2.062236242669324
2018-03-01,CUSR0000SEFP,Dairy,117.221,-1.1327215680982383
2018-04-01,CUSR0000SEFP,Dairy,116.37,-2.01328719023921
2018-05-01,CUSR0000SEFP,Dairy,116.293,-2.330601001108601
2018-06-01,CUSR0000SEFP,Dairy,115.998,-2.2277290312792353
2018-07-01,CUSR0000SEFP,Dairy,116.593,-1.568581101045996
2018-08-01,CUSR0000SEFP,Dairy,116.471,-0.14745848443541432
2018-09-01,CUSR0000SEFP,Dairy,116.664,-0.9088283758302507
2018-10-01,CUSR0000SEFP,Dairy,116.981,-1.2610255328128317
2018-11-01,CUSR0000SEFP,Dairy,116.667,-0.5294659300184135
2018-12-01,CUSR0000SEFP,Dairy,117.249,-1.4308412707753626
2019-01-01,CUSR0000SEFP,Dairy,116.689,-0.41136458680050003
2019-02-01,CUSR0000SEFP,Dairy,116.592,-0.12078846598648774
2019-03-01,CUSR0000SEFP,Dairy,116.211,-0.8616203581269577
2019-04-01,CUSR0000SEFP,Dairy,116.337,-0.0283578241814908
2019-05-01,CUSR0000SEFP,Dairy,116.315,0.01891773365549909
2019-06-01,CUSR0000SEFP,Dairy,116.777,0.6715633028155699
2019-07-01,CUSR0000SEFP,Dairy,116.73,0.1175027660322625
2019-08-01,CUSR0000SEFP,Dairy,116.547,0.06525229456257886
2019-09-01,CUSR0000SEFP,Dairy,116.607,-0.048858259617368116
2019-10-01,CUSR0000SEFP,Dairy,116.17,-0.6932749762781909
2019-11-01,CUSR0000SEFP,Dairy,117.769,0.9445687298036409
2019-12-01,CUSR0000SEFP,Dairy,116.015,-1.0524610017995872
2020-01-01,CUSR0000SEFP,Dairy,115.879,-0.6941528336004144
2020-02-01,CUSR0000SEFP,Dairy,116.678,0.07376149306985713
2020-03-01,CUSR0000SEFP,Dairy,117.494,1.104026296994265
2020-04-01,CUSR0000SEFP,Dairy,118.663,1.9993639168965904
2020-05-01,CUSR0000SEFP,Dairy,117.924,1.3833125564200799
2020-06-01,CUSR0000SEFP,Dairy,118.403,1.3923974755302826
2020-07-01,CUSR0000SEFP,Dairy,117.604,0.7487364002398689
2020-08-01,CUSR0000SEFP,Dairy,118.086,1.3204973100980677
2020-09-01,CUSR0000SEFP,Dairy,117.829,1.047964530431278
2020-10-01,CUSR0000SEFP,Dairy,118.186,1.7353877937505535
2020-11-01,CUSR0000SEFP,Dairy,117.496,-0.23180972921568177
2020-12-01,CUSR0000SEFP,Dairy,118.903,2.4893332758695097
2021-01-01,CUSR0000SEFP,Dairy,118.969,2.6665746166259607
2021-02-01,CUSR0000SEFP,Dairy,118.483,1.5469925778638816
2021-03-01,CUSR0000SEFP,Dairy,118.596,0.9379202342247206
2021-04-01,CUSR0000SEFP,Dairy,118.65,-0.010955394689149411
2021-05-01,CUSR0000SEFP,Dairy,118.803,0.7453953393711021
2021-06-01,CUSR0000SEFP,Dairy,119.686,1.0835874091028153
2021-07-01,CUSR0000SEFP,Dairy,119.387,1.5161048943913569
2021-08-01,CUSR0000SEFP,Dairy,120.859,2.3482885354741523
2021-09-01,CUSR0000SEFP,Dairy,121.881,3.438881769343727
2021-10-01,CUSR0000SEFP,Dairy,123.549,4.537762509941956
2021-11-01,CUSR0000SEFP,Dairy,123.552,5.154218015932477
2021-12-01,CUSR0000SEFP,Dairy,123.615,3.9628941237815685
2022-01-01,CUSR0000SEFP,Dairy,125.871,5.801511318074448
2022-02-01,CUSR0000SEFP,Dairy,127.83,7.888895453356182
2022-03-01,CUSR0000SEFP,Dairy,129.082,8.84178218489662
2022-04-01,CUSR0000SEFP,Dairy,131.842,11.118415507796042
2022-05-01,CUSR0000SEFP,Dairy,133.566,12.426453877427335
2022-06-01,CUSR0000SEFP,Dairy,134.525,12.398275487525702
2022-07-01,CUSR0000SEFP,Dairy,138.286,15.830031745499928
2022-08-01,CUSR0000SEFP,Dairy,137.979,14.165266963982837
2022-09-01,CUSR0000SEFP,Dairy,138.29,13.463132071446736
2022-10-01,CUSR0000SEFP,Dairy,139.428,12.85239054949856
2022-11-01,CUSR0000SEFP,Dairy,140.354,13.599132349132347
2022-12-01,CUSR0000SEFP,Dairy,140.75,13.861586377057812
2023-01-01,CUSR0000SEFP,Dairy,141.598,12.49453805880625
2023-02-01,CUSR0000SEFP,Dairy,142.162,11.211765626222325
2023-03-01,CUSR0000SEFP,Dairy,142.429,10.339938953533423
2023-04-01,CUSR0000SEFP,Dairy,141.41,7.257171462811529
2023-05-01,CUSR0000SEFP,Dairy,141.539,5.969333513019759
2023-06-01,CUSR0000SEFP,Dairy,141.696,5.33060769373721
2023-07-01,CUSR0000SEFP,Dairy,141.965,2.6604283875446555
2023-08-01,CUSR0000SEFP,Dairy,141.617,2.6366331108356844
2023-09-01,CUSR0000SEFP,Dairy,142.582,3.1036228216067663
2023-10-01,CUSR0000SEFP,Dairy,141.931,1.7951917835729025
2023-11-01,CUSR0000SEFP,Dairy,141.899,1.1007880074668241
2023-12-01,CUSR0000SEFP,Dairy,141.148,0.2827708703374787
2024-01-01,CUSR0000SEFP,Dairy,141.75,0.10734614895688832
2024-02-01,CUSR0000SEFP,Dairy,141.657,-0.3552285420857837
2024-03-01,CUSR0000SEFP,Dairy,141.376,-0.7393157292405306
2024-04-01,CUSR0000SEFP,Dairy,141.312,-0.06930202955942599
2024-05-01,CUSR0000SEFP,Dairy,141.41,-0.09114095761592056
2024-06-01,CUSR0000SEFP,Dairy,141.767,0.05010727190604136
2024-07-01,CUSR0000SEFP,Dairy,142.387,0.2972563660057048
2024-08-01,CUSR0000SEFP,Dairy,141.897,0.19771637585883628
2024-09-01,CUSR0000SEFP,Dairy,142.855,0.19146876884879038
2024-10-01,CUSR0000SEFP,Dairy,143.44,1.0631926781323298
2024-11-01,CUSR0000SEFP,Dairy,144.909,2.121227069958209
2024-12-01,CUSR0000SEFP,Dairy,146.032,3.4601978065576633
2016-01-01,CUSR0000SAF1,Food (all),248.353,0.8757214750789055
2016-02-01,CUSR0000SAF1,Food (all),248.606,0.8564068236678102
2016-03-01,CUSR0000SAF1,Food (all),248.029,0.7952956858155336
2016-04-01,CUSR0000SAF1,Food (all),248.235,0.9077161974292869
2016-05-01,CUSR0000SAF1,Food (all),247.856,0.6566790800807354
2016-06-01,CUSR0000SAF1,Food (all),247.683,0.3021013456873556
2016-07-01,CUSR0000SAF1,Food (all),247.658,0.2027051631149357
2016-08-01,CUSR0000SAF1,Food (all),247.746,0.0016145829128788591
2016-09-01,CUSR0000SAF1,Food (all),247.772,-0.2897477584791419
2016-10-01,CUSR0000SAF1,Food (all),247.812,-0.37908785753049123
2016-11-01,CUSR0000SAF1,Food (all),247.741,-0.31546122120510445
2016-12-01,CUSR0000SAF1,Food (all),247.725,-0.19379064164444237
2017-01-01,CUSR0000SAF1,Food (all),248.065,-0.11596397063856623
2017-02-01,CUSR0000SAF1,Food (all),248.735,0.05188933493158743
2017-03-01,CUSR0000SAF1,Food (all),249.244,0.4898620725802161
2017-04-01,CUSR0000SAF1,Food (all),249.589,0.545450883235632
2017-05-01,CUSR0000SAF1,Food (all),249.972,0.8537215157188083
2017-06-01,CUSR0000SAF1,Food (all),249.77,0.8426093030204029
2017-07-01,CUSR0000SAF1,Food (all),250.185,1.020358720493597
2017-08-01,CUSR0000SAF1,Food (all),250.469,1.0991095719002475
2017-09-01,CUSR0000SAF1,Food (all),250.826,1.2325847956992764
2017-10-01,CUSR0000SAF1,Food (all),251.048,1.3058286120123386
2017-11-01,CUSR0000SAF1,Food (all),251.195,1.39419797288296
2017-12-01,CUSR0000SAF1,Food (all),251.716,1.6110606519325943
2018-01-01,CUSR0000SAF1,Food (all),252.377,1.7382540866305307
2018-02-01,CUSR0000SAF1,Food (all),252.264,1.4187790218505691
2018-03-01,CUSR0000SAF1,Food (all),252.365,1.2521866123156533
2018-04-01,CUSR0000SAF1,Food (all),252.867,1.3133591624630903
2018-05-01,CUSR0000SAF1,Food (all),252.864,1.1569295761125309
2018-06-01,CUSR0000SAF1,Food (all),253.167,1.3600512471473758
2018-07-01,CUSR0000SAF1,Food (all),253.598,1.3641904990307152
2018-08-01,CUSR0000SAF1,Food (all),253.949,1.3893934977981415
2018-09-01,CUSR0000SAF1,Food (all),254.302,1.3858212466012265
2018-10-01,CUSR0000SAF1,Food (all),254.17,1.2435868837831654
2018-11-01,CUSR0000SAF1,Food (all),254.887,1.4697744779951893
2018-12-01,CUSR0000SAF1,Food (all),255.877,1.6530534411797415
2019-01-01,CUSR0000SAF1,Food (all),256.533,1.6467427697452575
2019-02-01,CUSR0000SAF1,Food (all),257.253,1.977690039006741
2019-03-01,CUSR0000SAF1,Food (all),257.681,2.106472767618328
2019-04-01,CUSR0000SAF1,Food (all),257.325,1.7629821210359609
2019-05-01,CUSR0000SAF1,Food (all),257.818,1.9591559098962152
2019-06-01,CUSR0000SAF1,Food (all),257.952,1.8900567609522634
2019-07-01,CUSR0000SAF1,Food (all),258.059,1.7590832735274065
2019-08-01,CUSR0000SAF1,Food (all),258.288,1.7086107840550646
2019-09-01,CUSR0000SAF1,Food (all),258.865,1.794323284913224
2019-10-01,CUSR0000SAF1,Food (all),259.434,2.0710548058386236
2019-11-01,CUSR0000SAF1,Food (all),260.048,2.0248188412904655
2019-12-01,CUSR0000SAF1,Food (all),260.483,1.8000836339334914
2020-01-01,CUSR0000SAF1,Food (all),261.293,1.8555117665173704
2020-02-01,CUSR0000SAF1,Food (all),261.962,1.8304937163026391
2020-03-01,CUSR0000SAF1,Food (all),262.622,1.9174871255544845
2020-04-01,CUSR0000SAF1,Food (all),266.37,3.51501020110756
2020-05-01,CUSR0000SAF1,Food (all),268.086,3.982654430644894
2020-06-01,CUSR0000SAF1,Food (all),269.553,4.497348343877938
2020-07-01,CUSR0000SAF1,Food (all),268.532,4.05837424774953
2020-08-01,CUSR0000SAF1,Food (all),268.957,4.130660348138515
2020-09-01,CUSR0000SAF1,Food (all),269.043,3.9317791126648904
2020-10-01,CUSR0000SAF1,Food (all),269.653,3.93895942706044
2020-11-01,CUSR0000SAF1,Food (all),269.636,3.6870116286224164
2020-12-01,CUSR0000SAF1,Food (all),270.781,3.953424983588172
2021-01-01,CUSR0000SAF1,Food (all),271.223,3.8003314287026413
2021-02-01,CUSR0000SAF1,Food (all),271.498,3.6402226277093552
2021-03-01,CUSR0000SAF1,Food (all),271.756,3.4780026045037937
2021-04-01,CUSR0000SAF1,Food (all),272.761,2.399294214813996
2021-05-01,CUSR0000SAF1,Food (all),273.89,2.1649769103944116
2021-06-01,CUSR0000SAF1,Food (all),276.002,2.3924794010825368
2021-07-01,CUSR0000SAF1,Food (all),277.759,3.4360895535727742
2021-08-01,CUSR0000SAF1,Food (all),278.985,3.7284770427986613
2021-09-01,CUSR0000SAF1,Food (all),281.299,4.555405641477384
2021-10-01,CUSR0000SAF1,Food (all),283.972,5.310157869558263
2021-11-01,CUSR0000SAF1,Food (all),286.057,6.090062157872089
2021-12-01,CUSR0000SAF1,Food (all),287.798,6.284414342217515
2022-01-01,CUSR0000SAF1,Food (all),290.144,6.976178273966438
2022-02-01,CUSR0000SAF1,Food (all),292.978,7.911660491053341
2022-03-01,CUSR0000SAF1,Food (all),295.713,8.815628725768732
2022-04-01,CUSR0000SAF1,Food (all),298.363,9.386239235081263
2022-05-01,CUSR0000SAF1,Food (all),301.684,10.147869582679192
2022-06-01,CUSR0000SAF1,Food (all),304.845,10.450286592126146
2022-07-01,CUSR0000SAF1,Food (all),308.083,10.917378014753808
2022-08-01,CUSR0000SAF1,Food (all),310.739,11.38197394125131
2022-09-01,CUSR0000SAF1,Food (all),312.835,11.210846821353782
2022-10-01,CUSR0000SAF1,Food (all),315.023,10.934528756356276
2022-11-01,CUSR0000SAF1,Food (all),316.5,10.64228457964671
2022-12-01,CUSR0000SAF1,Food (all),317.798,10.423977928964057
2023-01-01,CUSR0000SAF1,Food (all),319.421,10.09050678283887
2023-02-01,CUSR0000SAF1,Food (all),320.651,9.4454191099673
2023-03-01,CUSR0000SAF1,Food (all),320.797,8.482548957942338
2023-04-01,CUSR0000SAF1,Food (all),321.209,7.657115661124192
2023-05-01,CUSR0000SAF1,Food (all),321.933,6.711990029302162
2023-06-01,CUSR0000SAF1,Food (all),322.406,5.760632452557846
2023-07-01,CUSR0000SAF1,Food (all),323.046,4.856808067955698
2023-08-01,CUSR0000SAF1,Food (all),323.957,4.253730622805629
2023-09-01,CUSR0000SAF1,Food (all),324.332,3.675100292486455
2023-10-01,CUSR0000SAF1,Food (all),325.424,3.301663688048162
2023-11-01,CUSR0000SAF1,Food (all),325.808,2.9409162717219495
2023-12-01,CUSR0000SAF1,Food (all),326.442,2.719966771345317
2024-01-01,CUSR0000SAF1,Food (all),327.575,2.5527438709414874
2024-02-01,CUSR0000SAF1,Food (all),327.803,2.230462403048783
2024-03-01,CUSR0000SAF1,Food (all),328.004,2.2465920815967655
2024-04-01,CUSR0000SAF1,Food (all),328.413,2.2427765099981567
2024-05-01,CUSR0000SAF1,Food (all),328.864,2.152932442464728
2024-06-01,CUSR0000SAF1,Food (all),329.651,2.2471666160059023
2024-07-01,CUSR0000SAF1,Food (all),330.142,2.1965911975384333
2024-08-01,CUSR0000SAF1,Food (all),330.644,2.0641628364258313
2024-09-01,CUSR0000SAF1,Food (all),331.716,2.27667945191965
2024-10-01,CUSR0000SAF1,Food (all),332.418,2.1491961256699055
2024-11-01,CUSR0000SAF1,Food (all),333.492,2.358444237096702
2024-12-01,CUSR0000SAF1,Food (all),334.456,2.4549537130638788
2016-01-01,CUSR0000SEFR,Fruits & vegetables,215.261,0.5779725638246136
2016-02-01,CUSR0000SEFR,Fruits & vegetables,215.325,-0.6115855065774389
2016-03-01,CUSR0000SEFR,Fruits & vegetables,215.343,-0.40376290376291646
2016-04-01,CUSR0000SEFR,Fruits & vegetables,216.681,1.1785745971413464
2016-05-01,CUSR0000SEFR,Fruits & vegetables,215.596,-0.3775189106014931
2016-06-01,CUSR0000SEFR,Fruits & vegetables,215.527,-0.18432326039135027
2016-07-01,CUSR0000SEFR,Fruits & vegetables,215.47,-0.6711966292652694
2016-08-01,CUSR0000SEFR,Fruits & vegetables,215.865,-0.6118953562253004
2016-09-01,CUSR0000SEFR,Fruits & vegetables,216.173,-0.9257858868066404
2016-10-01,CUSR0000SEFR,Fruits & vegetables,214.893,-0.8324988347785167
2016-11-01,CUSR0000SEFR,Fruits & vegetables,213.867,-0.7895383844615855
2016-12-01,CUSR0000SEFR,Fruits & vegetables,213.943,-0.6999271296025511
2017-01-01,CUSR0000SEFR,Fruits & vegetables,214.976,-0.1323974152308116
2017-02-01,CUSR0000SEFR,Fruits & vegetables,213.745,-0.7337745268779727
2017-03-01,CUSR0000SEFR,Fruits & vegetables,214.636,-0.3283134348458061
2017-04-01,CUSR0000SEFR,Fruits & vegetables,214.014,-1.2308416520137921
2017-05-01,CUSR0000SEFR,Fruits & vegetables,214.418,-0.5463923263882453
2017-06-01,CUSR0000SEFR,Fruits & vegetables,215.648,0.05614145791479341
2017-07-01,CUSR0000SEFR,Fruits & vegetables,216.592,0.5207221422935948
2017-08-01,CUSR0000SEFR,Fruits & vegetables,216.24,0.17371968591479714
2017-09-01,CUSR0000SEFR,Fruits & vegetables,215.8,-0.17254698782919187
2017-10-01,CUSR0000SEFR,Fruits & vegetables,214.78,-0.05258430940049408
2017-11-01,CUSR0000SEFR,Fruits & vegetables,214.994,0.5269630190726016
2017-12-01,CUSR0000SEFR,Fruits & vegetables,214.975,0.4823714727754558
2018-01-01,CUSR0000SEFR,Fruits & vegetables,217.689,1.2620013396844376
2018-02-01,CUSR0000SEFR,Fruits & vegetables,217.059,1.5504456244590514
2018-03-01,CUSR0000SEFR,Fruits & vegetables,217.177,1.1838647757133058
2018-04-01,CUSR0000SEFR,Fruits & vegetables,215.453,0.67238591867822
2018-05-01,CUSR0000SEFR,Fruits & vegetables,215.44,0.47663908813624367
2018-06-01,CUSR0000SEFR,Fruits & vegetables,215.968,0.14838996883810296
2018-07-01,CUSR0000SEFR,Fruits & vegetables,214.285,-1.0651362931225594
2018-08-01,CUSR0000SEFR,Fruits & vegetables,214.046,-1.0146133925268308
2018-09-01,CUSR0000SEFR,Fruits & vegetables,216.771,0.44995366079703114
2018-10-01,CUSR0000SEFR,Fruits & vegetables,215.318,0.2504888723344978
2018-11-01,CUSR0000SEFR,Fruits & vegetables,216.037,0.485129817576313
2018-12-01,CUSR0000SEFR,Fruits & vegetables,214.957,-0.00837306663565851
2019-01-01,CUSR0000SEFR,Fruits & vegetables,217.745,0.02572477249653815
2019-02-01,CUSR0000SEFR,Fruits & vegetables,218.293,0.568509022892405
2019-03-01,CUSR0000SEFR,Fruits & vegetables,220.618,1.584421923131818
2019-04-01,CUSR0000SEFR,Fruits & vegetables,217.498,0.9491629264851253
2019-05-01,CUSR0000SEFR,Fruits & vegetables,217.744,1.0694392870404856
2019-06-01,CUSR0000SEFR,Fruits & vegetables,220.473,2.0859571788413245
2019-07-01,CUSR0000SEFR,Fruits & vegetables,219.552,2.457941526471763
2019-08-01,CUSR0000SEFR,Fruits & vegetables,219.893,2.7316558123020362
2019-09-01,CUSR0000SEFR,Fruits & vegetables,223.481,3.095432507115814
2019-10-01,CUSR0000SEFR,Fruits & vegetables,223.642,3.8659099564365196
2019-11-01,CUSR0000SEFR,Fruits & vegetables,223.429,3.4216361086295333
2019-12-01,CUSR0000SEFR,Fruits & vegetables,220.581,2.616337220932552
2020-01-01,CUSR0000SEFR,Fruits & vegetables,224.796,3.238191462490514
2020-02-01,CUSR0000SEFR,Fruits & vegetables,224.16,2.687672073772407
2020-03-01,CUSR0000SEFR,Fruits & vegetables,225.805,2.351122755169577
2020-04-01,CUSR0000SEFR,Fruits & vegetables,227.755,4.715905433613177
2020-05-01,CUSR0000SEFR,Fruits & vegetables,229.24,5.279594386068043
2020-06-01,CUSR0000SEFR,Fruits & vegetables,226.922,2.9250747257033582
2020-07-01,CUSR0000SEFR,Fruits & vegetables,225.532,2.7237283194869732
2020-08-01,CUSR0000SEFR,Fruits & vegetables,227.252,3.3466276780070414
2020-09-01,CUSR0000SEFR,Fruits & vegetables,227.855,1.957213364894561
2020-10-01,CUSR0000SEFR,Fruits & vegetables,230.092,2.884073653428265
2020-11-01,CUSR0000SEFR,Fruits & vegetables,230.249,3.0524238124862935
2020-12-01,CUSR0000SEFR,Fruits & vegetables,231.476,4.9392286733671575
2021-01-01,CUSR0000SEFR,Fruits & vegetables,231.039,2.7771846474136552
2021-02-01,CUSR0000SEFR,Fruits & vegetables,230.689,2.9126516773733124
2021-03-01,CUSR0000SEFR,Fruits & vegetables,231.918,2.707203117734336
2021-04-01,CUSR0000SEFR,Fruits & vegetables,232.377,2.0293736690742303
2021-05-01,CUSR0000SEFR,Fruits & vegetables,234.001,2.076862676670732
2021-06-01,CUSR0000SEFR,Fruits & vegetables,232.917,2.641876944500754
2021-07-01,CUSR0000SEFR,Fruits & vegetables,233.973,3.742706134827878
2021-08-01,CUSR0000SEFR,Fruits & vegetables,234.399,3.144966820974071
2021-09-01,CUSR0000SEFR,Fruits & vegetables,234.302,2.8294309977836773
2021-10-01,CUSR0000SEFR,Fruits & vegetables,235.592,2.3903482085426697
2021-11-01,CUSR0000SEFR,Fruits & vegetables,239.128,3.8562599620410865
2021-12-01,CUSR0000SEFR,Fruits & vegetables,242.029,4.559003957213714
2022-01-01,CUSR0000SEFR,Fruits & vegetables,243.621,5.445833820264112
2022-02-01,CUSR0000SEFR,Fruits & vegetables,246.885,7.020707532652182
2022-03-01,CUSR0000SEFR,Fruits & vegetables,250.555,8.036029976112236
2022-04-01,CUSR0000SEFR,Fruits & vegetables,250.993,8.01111986125993
2022-05-01,CUSR0000SEFR,Fruits & vegetables,252.863,8.060649313464463
2022-06-01,CUSR0000SEFR,Fruits & vegetables,254.869,9.424816565557691
2022-07-01,CUSR0000SEFR,Fruits & vegetables,260.703,11.42439512251412
2022-08-01,CUSR0000SEFR,Fruits & vegetables,264.198,12.712938195128821
2022-09-01,CUSR0000SEFR,Fruits & vegetables,267.962,14.366074553354213
2022-10-01,CUSR0000SEFR,Fruits & vegetables,270.652,14.881659818669558
2022-11-01,CUSR0000SEFR,Fruits & vegetables,270.434,13.091733297648144
2022-12-01,CUSR0000SEFR,Fruits & vegetables,271.606,12.220436393985846
2023-01-01,CUSR0000SEFR,Fruits & vegetables,273.782,12.380295623119508
2023-02-01,CUSR0000SEFR,Fruits & vegetables,275.701,11.671831014439938
2023-03-01,CUSR0000SEFR,Fruits & vegetables,275.641,10.012172975993305
2023-04-01,CUSR0000SEFR,Fruits & vegetables,277.238,10.456466913419904
2023-05-01,CUSR0000SEFR,Fruits & vegetables,278.769,10.245073419203287
2023-06-01,CUSR0000SEFR,Fruits & vegetables,282.858,10.981720020873475
2023-07-01,CUSR0000SEFR,Fruits & vegetables,284.009,8.93967464893002
2023-08-01,CUSR0000SEFR,Fruits & vegetables,285.246,7.9667522085708375
2023-09-01,CUSR0000SEFR,Fruits & vegetables,285.37,6.4964435255745245
2023-10-01,CUSR0000SEFR,Fruits & vegetables,284.755,5.210750336225112
2023-11-01,CUSR0000SEFR,Fruits & vegetables,285.104,5.424613768978737
2023-12-01,CUSR0000SEFR,Fruits & vegetables,285.7,5.189134260656969
2024-01-01,CUSR0000SEFR,Fruits & vegetables,285.985,4.457195871167574
2024-02-01,CUSR0000SEFR,Fruits & vegetables,289.108,4.862876812198724
2024-03-01,CUSR0000SEFR,Fruits & vegetables,287.477,4.293991097115435
2024-04-01,CUSR0000SEFR,Fruits & vegetables,289.151,4.297029988674006
2024-05-01,CUSR0000SEFR,Fruits & vegetables,289.748,3.9383862624610355
2024-06-01,CUSR0000SEFR,Fruits & vegetables,288.659,2.0508523711544324
2024-07-01,CUSR0000SEFR,Fruits & vegetables,289.043,1.7724790411571378
2024-08-01,CUSR0000SEFR,Fruits & vegetables,290.539,1.8555913141639069
2024-09-01,CUSR0000SEFR,Fruits & vegetables,287.82,0.8585345341135975
2024-10-01,CUSR0000SEFR,Fruits & vegetables,291.112,2.232445435549879
2024-11-01,CUSR0000SEFR,Fruits & vegetables,292.529,2.604312812166798
2024-12-01,CUSR0000SEFR,Fruits & vegetables,294.529,3.0903045152257613
2016-01-01,CUSR0000SEFJ,"Meats, poultry, fish, eggs",219.359,-2.9664034680290996
2016-02-01,CUSR0000SEFJ,"Meats, poultry, fish, eggs",219.126,-2.5799252208474677
2016-03-01,CUSR0000SEFJ,"Meats, poultry, fish, eggs",217.77,-2.8740399796622795
2016-04-01,CUSR0000SEFJ,"Meats, poultry, fish, eggs",218.297,-2.0703237151880605
2016-05-01,CUSR0000SEFJ,"Meats, poultry, fish, eggs",217.117,-2.346030503793861
2016-06-01,CUSR0000SEFJ,"Meats, poultry, fish, eggs",216.471,-2.4241713958593425
2016-07-01,CUSR0000SEFJ,"Meats, poultry, fish, eggs",216.112,-3.0735765703137297
2016-08-01,CUSR0000SEFJ,"Meats, poultry, fish, eggs",216.02,-2.445853429433331
2016-09-01,CUSR0000SEFJ,"Meats, poultry, fish, eggs",216.501,-2.453738955696627
2016-10-01,CUSR0000SEFJ,"Meats, poultry, fish, eggs",217.392,-1.5149318643084886
2016-11-01,CUSR0000SEFJ,"Meats, poultry, fish, eggs",216.479,-1.5324224009315546
2016-12-01,CUSR0000SEFJ,"Meats, poultry, fish, eggs",217.1,-1.271959144508561
2017-01-01,CUSR0000SEFJ,"Meats, poultry, fish, eggs",218.351,-0.45952069438682797
2017-02-01,CUSR0000SEFJ,"Meats, poultry, fish, eggs",220.167,0.4750691383039962
2017-03-01,CUSR0000SEFJ,"Meats, poultry, fish, eggs",218.236,0.21398723423795563
2017-04-01,CUSR0000SEFJ,"Meats, poultry, fish, eggs",217.821,-0.21805155361731554
2017-05-01,CUSR0000SEFJ,"Meats, poultry, fish, eggs",217.826,0.3265520433683333
2017-06-01,CUSR0000SEFJ,"Meats, poultry, fish, eggs",216.676,0.09470090681891197
2017-07-01,CUSR0000SEFJ,"Meats, poultry, fish, eggs",217.766,0.765343895757753
2017-08-01,CUSR0000SEFJ,"Meats, poultry, fish, eggs",217.08,0.4906953059901964
2017-09-01,CUSR0000SEFJ,"Meats, poultry, fish, eggs",216.371,-0.060045912028117154
2017-10-01,CUSR0000SEFJ,"Meats, poultry, fish, eggs",216.341,-0.48345845293295
2017-11-01,CUSR0000SEFJ,"Meats, poultry, fish, eggs",216.678,0.09192577571033311
2017-12-01,CUSR0000SEFJ,"Meats, poultry, fish, eggs",216.172,-0.42745278673422815
2018-01-01,CUSR0000SEFJ,"Meats, poultry, fish, eggs",216.779,-0.7199417451717705
2018-02-01,CUSR0000SEFJ,"Meats, poultry, fish, eggs",216.262,-1.7736536356493082
2018-03-01,CUSR0000SEFJ,"Meats, poultry, fish, eggs",216.295,-0.8894041313073919
2018-04-01,CUSR0000SEFJ,"Meats, poultry, fish, eggs",216.617,-0.5527474394112608
2018-05-01,CUSR0000SEFJ,"Meats, poultry, fish, eggs",216.09,-0.7969663860145193
2018-06-01,CUSR0000SEFJ,"Meats, poultry, fish, eggs",216.869,0.08907308608245845
2018-07-01,CUSR0000SEFJ,"Meats, poultry, fish, eggs",216.367,-0.6424327029931232
2018-08-01,CUSR0000SEFJ,"Meats, poultry, fish, eggs",216.654,-0.19624101713654474
2018-09-01,CUSR0000SEFJ,"Meats, poultry, fish, eggs",216.496,0.057771143082940846
2018-10-01,CUSR0000SEFJ,"Meats, poultry, fish, eggs",216.317,-0.011093597607481076
2018-11-01,CUSR0000SEFJ,"Meats, poultry, fish, eggs",216.11,-0.26214013420835514
2018-12-01,CUSR0000SEFJ,"Meats, poultry, fish, eggs",216.497,0.1503432451936515
2019-01-01,CUSR0000SEFJ,"Meats, poultry, fish, eggs",216.466,-0.1443866795215354
2019-02-01,CUSR0000SEFJ,"Meats, poultry, fish, eggs",216.74,0.22102819727922718
2019-03-01,CUSR0000SEFJ,"Meats, poultry, fish, eggs",217.596,0.6014933308675641
2019-04-01,CUSR0000SEFJ,"Meats, poultry, fish, eggs",217.061,0.2049700623681483
2019-05-01,CUSR0000SEFJ,"Meats, poultry, fish, eggs",217.79,0.7867092415197341
2019-06-01,CUSR0000SEFJ,"Meats, poultry, fish, eggs",217.722,0.39332500265136794
2019-07-01,CUSR0000SEFJ,"Meats, poultry, fish, eggs",217.968,0.7399464798236277
2019-08-01,CUSR0000SEFJ,"Meats, poultry, fish, eggs",218.893,1.0334450321711097
2019-09-01,CUSR0000SEFJ,"Meats, poultry, fish, eggs",219.515,1.3944830389475804
2019-10-01,CUSR0000SEFJ,"Meats, poultry, fish, eggs",220.412,1.893055099691665
2019-11-01,CUSR0000SEFJ,"Meats, poultry, fish, eggs",221.926,2.691222062838361
2019-12-01,CUSR0000SEFJ,"Meats, poultry, fish, eggs",222.033,2.5570793128772973
2020-01-01,CUSR0000SEFJ,"Meats, poultry, fish, eggs",223.035,3.0346567128324953
2020-02-01,CUSR0000SEFJ,"Meats, poultry, fish, eggs",224.443,3.554027867490994
2020-03-01,CUSR0000SEFJ,"Meats, poultry, fish, eggs",225.627,3.6907847570727403
2020-04-01,CUSR0000SEFJ,"Meats, poultry, fish, eggs",228.755,5.387425654539513
2020-05-01,CUSR0000SEFJ,"Meats, poultry, fish, eggs",230.166,5.68253822489555
2020-06-01,CUSR0000SEFJ,"Meats, poultry, fish, eggs",228.437,4.9214135457142705
2020-07-01,CUSR0000SEFJ,"Meats, poultry, fish, eggs",227.114,4.196028774866045
2020-08-01,CUSR0000SEFJ,"Meats, poultry, fish, eggs",231.231,5.636543882170741
2020-09-01,CUSR0000SEFJ,"Meats, poultry, fish, eggs",230.656,5.07527959364964
2020-10-01,CUSR0000SEFJ,"Meats, poultry, fish, eggs",229.155,3.966662432172474
2020-11-01,CUSR0000SEFJ,"Meats, poultry, fish, eggs",229.503,3.4142011301064423
2020-12-01,CUSR0000SEFJ,"Meats, poultry, fish, eggs",231.74,4.371872649561115
2021-01-01,CUSR0000SEFJ,"Meats, poultry, fish, eggs",231.546,3.8159930055820857
2021-02-01,CUSR0000SEFJ,"Meats, poultry, fish, eggs",230.452,2.6772944578356217
2021-03-01,CUSR0000SEFJ,"Meats, poultry, fish, eggs",229.249,1.6053043297123093
2021-04-01,CUSR0000SEFJ,"Meats, poultry, fish, eggs",230.17,0.6185657144106127
2021-05-01,CUSR0000SEFJ,"Meats, poultry, fish, eggs",230.38,0.0929763735738609
2021-06-01,CUSR0000SEFJ,"Meats, poultry, fish, eggs",230.152,0.7507540372181376
2021-07-01,CUSR0000SEFJ,"Meats, poultry, fish, eggs",231.233,1.8136266368431686
2021-08-01,CUSR0000SEFJ,"Meats, poultry, fish, eggs",230.145,-0.46966020991994206
2021-09-01,CUSR0000SEFJ,"Meats, poultry, fish, eggs",231.973,0.5709801609323106
2021-10-01,CUSR0000SEFJ,"Meats, poultry, fish, eggs",233.168,1.7512164255634843
2021-11-01,CUSR0000SEFJ,"Meats, poultry, fish, eggs",233.157,1.592136050509163
2021-12-01,CUSR0000SEFJ,"Meats, poultry, fish, eggs",235.442,1.5974799344092405
2022-01-01,CUSR0000SEFJ,"Meats, poultry, fish, eggs",238.675,3.0788698573933626
2022-02-01,CUSR0000SEFJ,"Meats, poultry, fish, eggs",242.386,5.178518737090587
2022-03-01,CUSR0000SEFJ,"Meats, poultry, fish, eggs",245.258,6.98323656809845
2022-04-01,CUSR0000SEFJ,"Meats, poultry, fish, eggs",251.03,9.062866576877958
2022-05-01,CUSR0000SEFJ,"Meats, poultry, fish, eggs",257.678,11.849118847122142
2022-06-01,CUSR0000SEFJ,"Meats, poultry, fish, eggs",261.255,13.514112412666424
2022-07-01,CUSR0000SEFJ,"Meats, poultry, fish, eggs",265.638,14.878931640380033
2022-08-01,CUSR0000SEFJ,"Meats, poultry, fish, eggs",267.461,16.2141258771644
2022-09-01,CUSR0000SEFJ,"Meats, poultry, fish, eggs",268.793,15.872536890069089
2022-10-01,CUSR0000SEFJ,"Meats, poultry, fish, eggs",269.355,15.519711109586233
2022-11-01,CUSR0000SEFJ,"Meats, poultry, fish, eggs",271.307,16.36236527318502
2022-12-01,CUSR0000SEFJ,"Meats, poultry, fish, eggs",271.376,15.262357608243216
2023-01-01,CUSR0000SEFJ,"Meats, poultry, fish, eggs",272.04,13.979260500680834
2023-02-01,CUSR0000SEFJ,"Meats, poultry, fish, eggs",272.271,12.329507479804946
2023-03-01,CUSR0000SEFJ,"Meats, poultry, fish, eggs",271.384,10.65245578125893
2023-04-01,CUSR0000SEFJ,"Meats, poultry, fish, eggs",271.102,7.995857068876222
2023-05-01,CUSR0000SEFJ,"Meats, poultry, fish, eggs",269.573,4.616226453170236
2023-06-01,CUSR0000SEFJ,"Meats, poultry, fish, eggs",268.338,2.711144284319933
2023-07-01,CUSR0000SEFJ,"Meats, poultry, fish, eggs",269.143,1.3194648356033456
2023-08-01,CUSR0000SEFJ,"Meats, poultry, fish, eggs",268.281,0.30658675470442986
2023-09-01,CUSR0000SEFJ,"Meats, poultry, fish, eggs",268.377,-0.15476593512480097
2023-10-01,CUSR0000SEFJ,"Meats, poultry, fish, eggs",268.326,-0.38202372333908663
2023-11-01,CUSR0000SEFJ,"Meats, poultry, fish, eggs",267.609,-1.363031547287774
2023-12-01,CUSR0000SEFJ,"Meats, poultry, fish, eggs",267.889,-1.2849330817758298
2024-01-01,CUSR0000SEFJ,"Meats, poultry, fish, eggs",268.941,-1.1391707101896964
2024-02-01,CUSR0000SEFJ,"Meats, poultry, fish, eggs",267.334,-1.8132669289053993
2024-03-01,CUSR0000SEFJ,"Meats, poultry, fish, eggs",266.274,-1.8829407776434937
2024-04-01,CUSR0000SEFJ,"Meats, poultry, fish, eggs",267.474,-1.3382416950077802
2024-05-01,CUSR0000SEFJ,"Meats, poultry, fish, eggs",266.749,-1.0475826585006454
2024-06-01,CUSR0000SEFJ,"Meats, poultry, fish, eggs",268.098,-0.08943943832032675
2024-07-01,CUSR0000SEFJ,"Meats, poultry, fish, eggs",268.653,-0.18205935134851803
2024-08-01,CUSR0000SEFJ,"Meats, poultry, fish, eggs",269.468,0.44244653926293065
2024-09-01,CUSR0000SEFJ,"Meats, poultry, fish, eggs",269.643,0.4717244771347717
2024-10-01,CUSR0000SEFJ,"Meats, poultry, fish, eggs",271.695,1.2555622638134034
2024-11-01,CUSR0000SEFJ,"Meats, poultry, fish, eggs",270.819,1.1995112272009
2024-12-01,CUSR0000SEFJ,"Meats, poultry, fish, eggs",271.358,1.294939321883315
2016-01-01,CUSR0000SEFH,Nonalcoholic beverages,270.769,6.82782102318682
2016-02-01,CUSR0000SEFH,Nonalcoholic beverages,268.38,5.284630985959704
2016-03-01,CUSR0000SEFH,Nonalcoholic beverages,256.622,0.2077394665937815
2016-04-01,CUSR0000SEFH,Nonalcoholic beverages,239.754,-4.026611905705469
2016-05-01,CUSR0000SEFH,Nonalcoholic beverages,231.176,-8.68203274673619
2016-06-01,CUSR0000SEFH,Nonalcoholic beverages,219.598,-26.68238090786469
2016-07-01,CUSR0000SEFH,Nonalcoholic beverages,216.426,-28.993395604287453
2016-08-01,CUSR0000SEFH,Nonalcoholic beverages,206.522,-37.50261008506608
2016-09-01,CUSR0000SEFH,Nonalcoholic beverages,205.808,-37.35984124471932
2016-10-01,CUSR0000SEFH,Nonalcoholic beverages,201.55,-35.482528585513265
2016-11-01,CUSR0000SEFH,Nonalcoholic beverages,203.283,-32.99260978198528
2016-12-01,CUSR0000SEFH,Nonalcoholic beverages,193.73,-33.62342178747024
2017-01-01,CUSR0000SEFH,Nonalcoholic beverages,220.813,-18.449674815063766
2017-02-01,CUSR0000SEFH,Nonalcoholic beverages,209.845,-21.810492585140473
2017-03-01,CUSR0000SEFH,Nonalcoholic beverages,202.193,-21.209794951329197
2017-04-01,CUSR0000SEFH,Nonalcoholic beverages,202.723,-15.445414883589004
2017-05-01,CUSR0000SEFH,Nonalcoholic beverages,193.459,-16.315274942035497
2017-06-01,CUSR0000SEFH,Nonalcoholic beverages,191.313,-12.880354101585635
2017-07-01,CUSR0000SEFH,Nonalcoholic beverages,191.698,-11.425614297727627
2017-08-01,CUSR0000SEFH,Nonalcoholic beverages,194.898,-5.62845604826604
2017-09-01,CUSR0000SEFH,Nonalcoholic beverages,200.45,-2.6033973412112332
2017-10-01,CUSR0000SEFH,Nonalcoholic beverages,211.314,4.844455470106657
2017-11-01,CUSR0000SEFH,Nonalcoholic beverages,209.723,3.1679973239277404
2017-12-01,CUSR0000SEFH,Nonalcoholic beverages,225.02,16.15134465493213
2018-01-01,CUSR0000SEFH,Nonalcoholic beverages,226.224,2.4504897809458637
2018-02-01,CUSR0000SEFH,Nonalcoholic beverages,231.965,10.541113679144143
2018-03-01,CUSR0000SEFH,Nonalcoholic beverages,235.107,16.27850617973916
2018-04-01,CUSR0000SEFH,Nonalcoholic beverages,249.78,23.21246232543914
2018-05-01,CUSR0000SEFH,Nonalcoholic beverages,235.201,21.57666482303744
2018-06-01,CUSR0000SEFH,Nonalcoholic beverages,218.292,14.102021294945978
2018-07-01,CUSR0000SEFH,Nonalcoholic beverages,223.775,16.73309059040782
2018-08-01,CUSR0000SEFH,Nonalcoholic beverages,223.5,14.675368654373067
2018-09-01,CUSR0000SEFH,Nonalcoholic beverages,220.666,10.085308056872044
2018-10-01,CUSR0000SEFH,Nonalcoholic beverages,217.297,2.831331572919926
2018-11-01,CUSR0000SEFH,Nonalcoholic beverages,217.225,3.5770993167177467
2018-12-01,CUSR0000SEFH,Nonalcoholic beverages,220.112,-2.181139454270742
2019-01-01,CUSR0000SEFH,Nonalcoholic beverages,214.903,-5.004331989532496
2019-02-01,CUSR0000SEFH,Nonalcoholic beverages,209.915,-9.505744401094995
2019-03-01,CUSR0000SEFH,Nonalcoholic beverages,211.885,-9.877204847154708
2019-04-01,CUSR0000SEFH,Nonalcoholic beverages,201.504,-19.327408119144852
2019-05-01,CUSR0000SEFH,Nonalcoholic beverages,196.721,-16.360474657845835
2019-06-01,CUSR0000SEFH,Nonalcoholic beverages,196.335,-10.058545434555544
2019-07-01,CUSR0000SEFH,Nonalcoholic beverages,198.269,-11.3980560831192
2019-08-01,CUSR0000SEFH,Nonalcoholic beverages,195.508,-12.524384787472032
2019-09-01,CUSR0000SEFH,Nonalcoholic beverages,206.572,-6.3870283596022865
2019-10-01,CUSR0000SEFH,Nonalcoholic beverages,201.149,-7.431303699544856
2019-11-01,CUSR0000SEFH,Nonalcoholic beverages,202.706,-6.683853147657959
2019-12-01,CUSR0000SEFH,Nonalcoholic beverages,208.83,-5.125572435850834
2020-01-01,CUSR0000SEFH,Nonalcoholic beverages,205.427,-4.409431231765026
2020-02-01,CUSR0000SEFH,Nonalcoholic beverages,201.498,-4.009718219279234
2020-03-01,CUSR0000SEFH,Nonalcoholic beverages,209.867,-0.9524034263869607
2020-04-01,CUSR0000SEFH,Nonalcoholic beverages,233.596,15.926234714943632
2020-05-01,CUSR0000SEFH,Nonalcoholic beverages,223.01,13.363596159027246
2020-06-01,CUSR0000SEFH,Nonalcoholic beverages,219.387,11.741156696462674
2020-07-01,CUSR0000SEFH,Nonalcoholic beverages,213.15,7.505459754172361
2020-08-01,CUSR0000SEFH,Nonalcoholic beverages,210.109,7.468236593898969
2020-09-01,CUSR0000SEFH,Nonalcoholic beverages,207.595,0.4952268458455089
2020-10-01,CUSR0000SEFH,Nonalcoholic beverages,209.686,4.244117544705661
2020-11-01,CUSR0000SEFH,Nonalcoholic beverages,212.313,4.739376239479842
2020-12-01,CUSR0000SEFH,Nonalcoholic beverages,204.502,-2.0724991619977984
2021-01-01,CUSR0000SEFH,Nonalcoholic beverages,205.991,0.27455008348464816
2021-02-01,CUSR0000SEFH,Nonalcoholic beverages,209.044,3.74495032208757
2021-03-01,CUSR0000SEFH,Nonalcoholic beverages,220.192,4.919782528934991
2021-04-01,CUSR0000SEFH,Nonalcoholic beverages,213.45,-8.624291511840966
2021-05-01,CUSR0000SEFH,Nonalcoholic beverages,215.973,-3.155463880543463
2021-06-01,CUSR0000SEFH,Nonalcoholic beverages,222.901,1.6017357455090808
2021-07-01,CUSR0000SEFH,Nonalcoholic beverages,225.774,5.92258972554538
2021-08-01,CUSR0000SEFH,Nonalcoholic beverages,231.122,10.000999481221662
2021-09-01,CUSR0000SEFH,Nonalcoholic beverages,233.597,12.525349839832378
2021-10-01,CUSR0000SEFH,Nonalcoholic beverages,234.632,11.896836221779239
2021-11-01,CUSR0000SEFH,Nonalcoholic beverages,229.359,8.028712325670128
2021-12-01,CUSR0000SEFH,Nonalcoholic beverages,225.647,10.339752178462792
2022-01-01,CUSR0000SEFH,Nonalcoholic beverages,231.429,12.349083212373358
2022-02-01,CUSR0000SEFH,Nonalcoholic beverages,231.065,10.534145921432803
2022-03-01,CUSR0000SEFH,Nonalcoholic beverages,244.703,11.131648742915278
2022-04-01,CUSR0000SEFH,Nonalcoholic beverages,262.462,22.961817755914726
2022-05-01,CUSR0000SEFH,Nonalcoholic beverages,287.781,33.248600519509374
2022-06-01,CUSR0000SEFH,Nonalcoholic beverages,299.054,34.16449455139274
2022-07-01,CUSR0000SEFH,Nonalcoholic beverages,312.616,38.464127844658805
2022-08-01,CUSR0000SEFH,Nonalcoholic beverages,323.39,39.92177291646834
2022-09-01,CUSR0000SEFH,Nonalcoholic beverages,304.335,30.282066978599875
2022-10-01,CUSR0000SEFH,Nonalcoholic beverages,335.968,43.1893347880937
2022-11-01,CUSR0000SEFH,Nonalcoholic beverages,342.381,49.27733378677095
2022-12-01,CUSR0000SEFH,Nonalcoholic beverages,358.003,58.65621967054735
2023-01-01,CUSR0000SEFH,Nonalcoholic beverages,390.642,68.79561334145676
2023-02-01,CUSR0000SEFH,Nonalcoholic beverages,357.239,54.6054140609785
2023-03-01,CUSR0000SEFH,Nonalcoholic beverages,332.462,35.86347531497365
2023-04-01,CUSR0000SEFH,Nonalcoholic beverages,319.233,21.630178844937564
2023-05-01,CUSR0000SEFH,Nonalcoholic beverages,288.546,0.26582713938723135
2023-06-01,CUSR0000SEFH,Nonalcoholic beverages,277.573,-7.182983675189092
2023-07-01,CUSR0000SEFH,Nonalcoholic beverages,270.872,-13.353123320623371
2023-08-01,CUSR0000SEFH,Nonalcoholic beverages,264.647,-18.16475463063174
2023-09-01,CUSR0000SEFH,Nonalcoholic beverages,260.003,-14.566842459789376
2023-10-01,CUSR0000SEFH,Nonalcoholic beverages,261.79,-22.07888846556815
2023-11-01,CUSR0000SEFH,Nonalcoholic beverages,266.189,-22.253571313828736
2023-12-01,CUSR0000SEFH,Nonalcoholic beverages,270.888,-24.33359496987456
2024-01-01,CUSR0000SEFH,Nonalcoholic beverages,277.74,-28.901654200009208
2024-02-01,CUSR0000SEFH,Nonalcoholic beverages,295.598,-17.25483499841841
2024-03-01,CUSR0000SEFH,Nonalcoholic beverages,309.812,-6.812808681894467
2024-04-01,CUSR0000SEFH,Nonalcoholic beverages,290.682,-8.943624249372705
2024-05-01,CUSR0000SEFH,Nonalcoholic beverages,298.519,3.4562946635891656
2024-06-01,CUSR0000SEFH,Nonalcoholic beverages,307.274,10.700248222990005
2024-07-01,CUSR0000SEFH,Nonalcoholic beverages,322.975,19.23528456245016
2024-08-01,CUSR0000SEFH,Nonalcoholic beverages,338.998,28.09440499986775
2024-09-01,CUSR0000SEFH,Nonalcoholic beverages,362.577,39.45108325673166
2024-10-01,CUSR0000SEFH,Nonalcoholic beverages,341.531,30.45991061537874
2024-11-01,CUSR0000SEFH,Nonalcoholic beverages,366.291,37.60561105079472
2024-12-01,CUSR0000SEFH,Nonalcoholic beverages,368.73,36.11898644458229
2016-01-01,CUSR0000SEFW,Other foods,198.847,1.0196098353993044
2016-02-01,CUSR0000SEFW,Other foods,199.188,1.1543051570474638
2016-03-01,CUSR0000SEFW,Other foods,198.824,0.8680300132411389
2016-04-01,CUSR0000SEFW,Other foods,199.0,1.1019605651548803
2016-05-01,CUSR0000SEFW,Other foods,198.984,0.8622131658581944
2016-06-01,CUSR0000SEFW,Other foods,199.02,1.0561592363156347
2016-07-01,CUSR0000SEFW,Other foods,198.958,0.9068316681036803
2016-08-01,CUSR0000SEFW,Other foods,198.815,0.7035547496277106
2016-09-01,CUSR0000SEFW,Other foods,198.923,0.9879326012681711
2016-10-01,CUSR0000SEFW,Other foods,199.173,0.5066382733929009
2016-11-01,CUSR0000SEFW,Other foods,198.799,0.38072155318236156
2016-12-01,CUSR0000SEFW,Other foods,199.18,0.8194937259884183
2017-01-01,CUSR0000SEFW,Other foods,200.164,0.6623182647965464
2017-02-01,CUSR0000SEFW,Other foods,199.632,0.22290499427677357
2017-03-01,CUSR0000SEFW,Other foods,199.855,0.518549068522911
2017-04-01,CUSR0000SEFW,Other foods,200.612,0.810050251256289
2017-05-01,CUSR0000SEFW,Other foods,199.576,0.2975113576970889
2017-06-01,CUSR0000SEFW,Other foods,199.179,0.07989146819413762
2017-07-01,CUSR0000SEFW,Other foods,199.743,0.39455563485759626
2017-08-01,CUSR0000SEFW,Other foods,199.92,0.5557930739632289
2017-09-01,CUSR0000SEFW,Other foods,200.633,0.8596291027181513
2017-10-01,CUSR0000SEFW,Other foods,201.027,0.9308490608666675
2017-11-01,CUSR0000SEFW,Other foods,201.57,1.3938701904939066
2017-12-01,CUSR0000SEFW,Other foods,201.709,1.2697057937543832
2018-01-01,CUSR0000SEFW,Other foods,201.299,0.5670350312743544
2018-02-01,CUSR0000SEFW,Other foods,201.698,1.0349042237717487
2018-03-01,CUSR0000SEFW,Other foods,201.687,0.9166645818218244
2018-04-01,CUSR0000SEFW,Other foods,201.946,0.6649652064682154
2018-05-01,CUSR0000SEFW,Other foods,201.764,1.0963242073195323
2018-06-01,CUSR0000SEFW,Other foods,202.285,1.559401342511002
2018-07-01,CUSR0000SEFW,Other foods,202.125,1.1925324041393237
2018-08-01,CUSR0000SEFW,Other foods,202.036,1.0584233693477385
2018-09-01,CUSR0000SEFW,Other foods,203.018,1.1887376453524556
2018-10-01,CUSR0000SEFW,Other foods,203.435,1.1978490451531432
2018-11-01,CUSR0000SEFW,Other foods,204.136,1.2730068958674456
2018-12-01,CUSR0000SEFW,Other foods,204.695,1.4803504057825823
2019-01-01,CUSR0000SEFW,Other foods,205.059,1.8678681960665466
2019-02-01,CUSR0000SEFW,Other foods,205.947,2.106614840008336
2019-03-01,CUSR0000SEFW,Other foods,204.958,1.621819948732428
2019-04-01,CUSR0000SEFW,Other foods,204.031,1.0324542204351639
2019-05-01,CUSR0000SEFW,Other foods,205.369,1.786740944866283
2019-06-01,CUSR0000SEFW,Other foods,205.598,1.6377882690263856
2019-07-01,CUSR0000SEFW,Other foods,206.224,2.027952999381566
2019-08-01,CUSR0000SEFW,Other foods,206.659,2.2882060622859246
2019-09-01,CUSR0000SEFW,Other foods,206.12,1.5279433350737337
2019-10-01,CUSR0000SEFW,Other foods,205.786,1.1556516823555407
2019-11-01,CUSR0000SEFW,Other foods,205.02,0.4330446369087415
2019-12-01,CUSR0000SEFW,Other foods,205.115,0.20518332152714702
2020-01-01,CUSR0000SEFW,Other foods,206.014,0.4657196221575344
2020-02-01,CUSR0000SEFW,Other foods,206.774,0.4015596245636077
2020-03-01,CUSR0000SEFW,Other foods,207.917,1.4437104187199346
2020-04-01,CUSR0000SEFW,Other foods,208.853,2.3633663511917424
2020-05-01,CUSR0000SEFW,Other foods,209.458,1.9910502558808663
2020-06-01,CUSR0000SEFW,Other foods,209.222,1.7626630609247185
2020-07-01,CUSR0000SEFW,Other foods,209.471,1.5745015129180029
2020-08-01,CUSR0000SEFW,Other foods,209.262,1.2595628547510618
2020-09-01,CUSR0000SEFW,Other foods,209.015,1.404521637880829
2020-10-01,CUSR0000SEFW,Other foods,210.209,2.149320167552693
2020-11-01,CUSR0000SEFW,Other foods,210.976,2.905082430982331
2020-12-01,CUSR0000SEFW,Other foods,211.003,2.8705847938961027
2021-01-01,CUSR0000SEFW,Other foods,210.914,2.378479132486122
2021-02-01,CUSR0000SEFW,Other foods,210.432,1.7690812191087701
2021-03-01,CUSR0000SEFW,Other foods,210.96,1.4635647878720848
2021-04-01,CUSR0000SEFW,Other foods,211.134,1.0921557267551618
2021-05-01,CUSR0000SEFW,Other foods,211.938,1.1840082498639326
2021-06-01,CUSR0000SEFW,Other foods,212.638,1.6327154888109208
2021-07-01,CUSR0000SEFW,Other foods,213.136,1.7496455356588614
2021-08-01,CUSR0000SEFW,Other foods,213.86,2.1972455581997785
2021-09-01,CUSR0000SEFW,Other foods,213.98,2.37542760088989
2021-10-01,CUSR0000SEFW,Other foods,213.399,1.5175373081076415
2021-11-01,CUSR0000SEFW,Other foods,213.682,1.2826103443045689
2021-12-01,CUSR0000SEFW,Other foods,213.576,1.2194139419818617
2022-01-01,CUSR0000SEFW,Other foods,214.068,1.495396227846424
2022-02-01,CUSR0000SEFW,Other foods,215.762,2.532884732360108
2022-03-01,CUSR0000SEFW,Other foods,216.574,2.6611679939325006
2022-04-01,CUSR0000SEFW,Other foods,217.197,2.871636022620705
2022-05-01,CUSR0000SEFW,Other foods,217.666,2.7026771980484865
2022-06-01,CUSR0000SEFW,Other foods,218.737,2.8682549685380643
2022-07-01,CUSR0000SEFW,Other foods,219.638,3.050634336761515
2022-08-01,CUSR0000SEFW,Other foods,220.711,3.2034976152623296
2022-09-01,CUSR0000SEFW,Other foods,220.23,2.920833722777827
2022-10-01,CUSR0000SEFW,Other foods,221.446,3.7708705289153155
2022-11-01,CUSR0000SEFW,Other foods,223.315,4.508100822717864
2022-12-01,CUSR0000SEFW,Other foods,224.841,5.274469041465335
2023-01-01,CUSR0000SEFW,Other foods,225.372,5.2805650540949545
2023-02-01,CUSR0000SEFW,Other foods,225.024,4.292692874556225
2023-03-01,CUSR0000SEFW,Other foods,224.974,3.8785819165735314
2023-04-01,CUSR0000SEFW,Other foods,225.14,3.657048670101326
2023-05-01,CUSR0000SEFW,Other foods,226.072,3.8618801282699122
2023-06-01,CUSR0000SEFW,Other foods,225.688,3.177788851451746
2023-07-01,CUSR0000SEFW,Other foods,225.608,2.7181088882615834
2023-08-01,CUSR0000SEFW,Other foods,225.949,2.37323921326984
2023-09-01,CUSR0000SEFW,Other foods,226.652,2.9160423193933527
2023-10-01,CUSR0000SEFW,Other foods,227.372,2.6760474336858797
2023-11-01,CUSR0000SEFW,Other foods,226.653,1.494749568994469
2023-12-01,CUSR0000SEFW,Other foods,227.542,1.201293358417721
2024-01-01,CUSR0000SEFW,Other foods,228.114,1.2166551301847628
2024-02-01,CUSR0000SEFW,Other foods,229.119,1.8198058873720058
2024-03-01,CUSR0000SEFW,Other foods,228.767,1.6859726012783627
2024-04-01,CUSR0000SEFW,Other foods,228.725,1.592342542418046
2024-05-01,CUSR0000SEFW,Other foods,229.235,1.3991117873951797
2024-06-01,CUSR0000SEFW,Other foods,229.527,1.7010208783807768
2024-07-01,CUSR0000SEFW,Other foods,229.992,1.9431935037764525
2024-08-01,CUSR0000SEFW,Other foods,230.143,1.8561710828549849
2024-09-01,CUSR0000SEFW,Other foods,230.211,1.57024866314881
2024-10-01,CUSR0000SEFW,Other foods,229.83,1.0810477983216993
2024-11-01,CUSR0000SEFW,Other foods,229.105,1.081829933863654
2024-12-01,CUSR0000SEFW,Other foods,229.766,0.9774019741410234
